Compound_SMILES,Compound_InchiKeys,Compound_Name,UniProt_Id,Entrez_Gene_Symbol,DiscoveRx_Gene_Symbol,pKd_[M]_pred
CS(=O)(=O)Nc1cccc(c1)-c1ccc2c(NC(=O)C3CC3)n[nH]c2c1,FUQAHBLEGDXXKS-UHFFFAOYSA-N,SB-742864,Q2M2I8,AAK1,AAK1,6.459216673736054
CC(C)OC(N(CC1)CCN1C2=NC3=C(C4=CN=C(C(F)(F)F)C=C4)C=NN3C=C2)=O,NDDGTHBFQLPYJL-UHFFFAOYSA-N,NK-92,Q2M2I8,AAK1,AAK1,6.485803770587198
O=S(NC1=CC(C2=CC=C(C(NC(C3CC3)=O)=NN4)C4=C2)=CC=C1)(N(CC)CC)=O,UCBIQZUJJSVQHL-UHFFFAOYSA-N,UNC-AA-1-0013,Q2M2I8,AAK1,AAK1,6.405821741673433
O=C(C1CC1)NC2=NNC3=C2C=CC(C4=CC=CC(NS(N(C)CC)(=O)=O)=C4)=C3,NKCMEGZSWOVKIL-UHFFFAOYSA-N,UNC-AA-1-0017,Q2M2I8,AAK1,AAK1,6.543969690977479
[nH]1c2c(c(c1)C(=O)NC)cc(cc2)Nc3nc(ccn3)-c4ncccc4,YNYMPWKHPFKBTO-UHFFFAOYSA-N,BI01078627,P00519,ABL1,ABL1-nonphosphorylated,6.173156340538402
NS(=O)(=O)c1cccc(c1)-c1cc2ccncc2cc1OCc1ccccc1,WFQYBHCSVMMJEF-UHFFFAOYSA-N,GSK980961A,P36896,ACVR1B,ACVR1B,6.245699594907225
ClC1=CC=C(F)C(C2=NC(N=CC=N3)=C3C(NC4=CC=NC=C4)=N2)=C1,BERLXWPRSBJFHO-UHFFFAOYSA-N,SD-208,P36896,ACVR1B,ACVR1B,6.317083312511471
COC(=O)Nc1nc2ccc(cc2[nH]1)S(=O)(=O)c1ccc(NC(=O)Nc2cc(ccc2F)C(F)(F)F)cc1,RJOBEDHRAOYOQX-UHFFFAOYSA-N,GW680908A,P25098,ADRBK1,GRK2,6.254100570236741
COc1ccc2ncnc(Nc3ccc(OCc4ccccc4)cc3)c2c1,RARTTYYZTRKYDS-UHFFFAOYSA-N,GI261520A,P31751,AKT2,AKT2,6.73415812223203
O=S(C2=CC=CC1=CN=CC=C12)(NCCNC/C=C/C3=CC=C(Br)C=C3)=O,ZKZXNDJNWUTGDK-NSCUHMNNSA-N,H89,P31751,AKT2,AKT2,6.343246848814543
CC(C)OC(N(CC1)CCN1C2=NC3=C(C4=CN=C(C(F)(F)F)C=C4)C=NN3C=C2)=O,NDDGTHBFQLPYJL-UHFFFAOYSA-N,NK-92,Q8NFD2,ANKK1,ANKK1,6.463141059493763
ClC1=CC(NC2=NC=CC(NCCCN3CCOCC3)=N2)=CC=C1,XEEXZIORUKKBII-UHFFFAOYSA-N,DI00625271,Q9UQB9,AURKC,AURKC,6.600468511625932
s1c(nc3c1-c2n(nc(c2C(C3)C)-c4cnc(cc4)NCC)-c5c(cccc5)C)NC(=O)OC,FQXPXUGHKSKDIL-UHFFFAOYSA-N,BI00857480,Q9NSY1,BMP2K,BIKE,5.720250030899537
CS(=O)(=O)Nc1cccc(c1)-c1ccc2c(NC(=O)C3CC3)n[nH]c2c1,FUQAHBLEGDXXKS-UHFFFAOYSA-N,SB-742864,Q9NSY1,BMP2K,BIKE,6.521646668452123
CC(C)OC(N(CC1)CCN1C2=NC3=C(C4=CN=C(C(F)(F)F)C=C4)C=NN3C=C2)=O,NDDGTHBFQLPYJL-UHFFFAOYSA-N,NK-92,Q9NSY1,BMP2K,BIKE,6.3590862562880215
O=S(NC1=CC(C2=CC=C(C(NC(C3CC3)=O)=NN4)C4=C2)=CC=C1)(N(CC)CC)=O,UCBIQZUJJSVQHL-UHFFFAOYSA-N,UNC-AA-1-0013,Q9NSY1,BMP2K,BIKE,6.106206148594267
O=C(C1CC1)NC2=NNC3=C2C=CC(C4=CC=CC(NS(N(C)CC)(=O)=O)=C4)=C3,NKCMEGZSWOVKIL-UHFFFAOYSA-N,UNC-AA-1-0017,Q9NSY1,BMP2K,BIKE,6.254904118080051
O=C(C1CC1)NC2=NNC3=C2C=CC(C4=CC=CC(NS(CC(C)C)(=O)=O)=C4)=C3,SENOTLIGBLGKGP-UHFFFAOYSA-N,UNC-AA-1-0022,Q9NSY1,BMP2K,BIKE,6.353800673082959
NS(=O)(=O)c1cccc(c1)-c1cc2ccncc2cc1OCc1ccccc1,WFQYBHCSVMMJEF-UHFFFAOYSA-N,GSK980961A,P36894,BMPR1A,BMPR1A,6.771155969507474
Fc1c(c(ccc1NS(=O)(=O)CCC)F)-n2nnc(c2)-c3cncc(c3)OC,PBZQXUCHRRZRTF-UHFFFAOYSA-N,BI00865461,P15056,BRAF,BRAF,6.066873275693069
S(=O)(=O)(N1CCC(CC1)Oc3c(cc2ncnc(c2c3)N[C@H](C)c4ccccc4)OC)C,HNCQUOKLTSGCPT-MRXNPFEDSA-N,BI00010951,Q8IWQ3,BRSK2,BRSK2,6.343272999242672
NS(=O)(=O)c1ccc(Nc2cc(n[nH]2)-c2cccc(O)c2)cc1,PVLOKYREDKFWTF-UHFFFAOYSA-N,GW831090X,Q8IWQ3,BRSK2,BRSK2,5.955864110942867
COc1ccc(cc1)-c1nn2ncccc2c1-c1ccnc(Nc2cccc(c2)C(F)(F)F)n1,BWBYKJFTJZIURF-UHFFFAOYSA-N,GW827105X,O43683,BUB1,BUB1,5.854499609437085
CN1CCC(CNC(C=C2)=NN3C2=NC=C3C4=CC=CC(OC(F)(F)F)=C4)CC1,MHXGEROHKGDZGO-UHFFFAOYSA-N,SGI-1776,Q14012,CAMK1,CAMK1,6.461959507716058
s1c(nc3c1-c2n(nc(c2C(C3)C)-c4cnc(cc4)NCC)-c5c(cccc5)C)NC(=O)OC,FQXPXUGHKSKDIL-UHFFFAOYSA-N,BI00857480,Q16566,CAMK4,CAMK4,5.607054503733435
CN1CCC(NC(C2=CC(OC)=C(NC3=NC=C(N(C(C(F)(F)CN4C5CCCC5)=O)C)C4=N3)C=C2F)=O)CC1,GWRSATNRNFYMDI-UHFFFAOYSA-N,TAK960,Q96RR4,CAMKK2,CAMKK2,6.257363697698693
ClC1=CC=C(F)C(C2=NC(N=CC=N3)=C3C(NC4=CC=NC=C4)=N2)=C1,BERLXWPRSBJFHO-UHFFFAOYSA-N,SD-208,Q5VT25,CDC42BPA,MRCKA,6.348382677827147
ClC1=CC=C(F)C(C2=NC(N=CC=N3)=C3C(NC4=CC=NC=C4)=N2)=C1,BERLXWPRSBJFHO-UHFFFAOYSA-N,SD-208,Q9Y5S2,CDC42BPB,MRCKB,6.495817833699424
ClC1=CC=C(F)C(C2=NC(N=CC=N3)=C3C(NC4=CC=NC=C4)=N2)=C1,BERLXWPRSBJFHO-UHFFFAOYSA-N,SD-208,Q6DT37,CDC42BPG,DMPK2,6.3290254346569395
O[C@H]([C@H](O)[C@@H](CO)O3)[C@@H]3N1C2=C(C(N)=NC=N2)C(I)=C1,WHSIXKUPQCKWBY-IOSLPCCCSA-N,5-iodotubercidin,Q14004,CDK13,CDC2L5,7.322752522364569
O=C(Nc1n[nH]c2nc(ccc12)-c1ccco1)C1CC1,FJINJXZTEKDFRA-UHFFFAOYSA-N,SB-743899,Q96Q40,CDK15,PFTAIRE2,6.498172797079475
Clc1ccc(CNc2nccc(n2)-c2cnn3ncccc23)cc1,NEWXQDRWGLAOAY-UHFFFAOYSA-N,GW781673X,Q9BWU1,CDK19,CDK11,6.228137980520902
CC(C)OC(N(CC1)CCN1C2=NC3=C(C4=CN=C(C(F)(F)F)C=C4)C=NN3C=C2)=O,NDDGTHBFQLPYJL-UHFFFAOYSA-N,NK-92,P24941,CDK2,CDK2,6.474648748785155
Clc1ccc(CNc2nccc(n2)-c2cnn3ncccc23)cc1,NEWXQDRWGLAOAY-UHFFFAOYSA-N,GW781673X,P50613,CDK7,CDK7,6.184427708372196
O[C@H]([C@H](O)[C@@H](CO)O3)[C@@H]3N1C2=C(C(N)=NC=N2)C(I)=C1,WHSIXKUPQCKWBY-IOSLPCCCSA-N,5-iodotubercidin,P50613,CDK7,CDK7,6.740016169650815
Clc1ccc(CNc2nccc(n2)-c2cnn3ncccc23)cc1,NEWXQDRWGLAOAY-UHFFFAOYSA-N,GW781673X,P49336,CDK8,CDK8,6.0703965049589765
CC(C)c1ccc2\C(=N/Nc3ccc(cc3)S(N)(=O)=O)C(=O)Nc2c1,KBESLZOGXNTNCJ-UHFFFAOYSA-N,GW300653X,Q92772,CDKL2,CDKL2,5.805672442097689
O=C(Nc1n[nH]c2nc(ccc12)-c1ccco1)C1CC1,FJINJXZTEKDFRA-UHFFFAOYSA-N,SB-743899,Q92772,CDKL2,CDKL2,6.315819102329599
O=S(NC1=CC(C2=CC=C(C(NC(C3CC3)=O)=NN4)C4=C2)=CC=C1)(N(CC)CC)=O,UCBIQZUJJSVQHL-UHFFFAOYSA-N,UNC-AA-1-0013,Q92772,CDKL2,CDKL2,6.474892042368173
O=C(C1CC1)NC2=NNC3=C2C=CC(C4=CC=CC(NS(N(C)CC)(=O)=O)=C4)=C3,NKCMEGZSWOVKIL-UHFFFAOYSA-N,UNC-AA-1-0017,Q92772,CDKL2,CDKL2,6.6153039314721
O=C(C1CC1)NC2=NNC3=C2C=CC(C4=CC=CC(NS(CC(C)C)(=O)=O)=C4)=C3,SENOTLIGBLGKGP-UHFFFAOYSA-N,UNC-AA-1-0022,Q92772,CDKL2,CDKL2,6.289543563058037
O[C@H]([C@H](O)[C@@H](CO)O3)[C@@H]3N1C2=C(C(N)=NC=N2)C(I)=C1,WHSIXKUPQCKWBY-IOSLPCCCSA-N,5-iodotubercidin,O15111,CHUK,IKK-alpha,7.1251135543528035
Clc1ccc(CNc2nccc(n2)-c2cnn3ncccc23)cc1,NEWXQDRWGLAOAY-UHFFFAOYSA-N,GW781673X,P49759,CLK1,CLK1,6.285131544305515
Clc1ccc(CNc2nccc(n2)-c2cnn3ncccc23)cc1,NEWXQDRWGLAOAY-UHFFFAOYSA-N,GW781673X,P49760,CLK2,CLK2,6.261435408985336
O[C@H]([C@H](O)[C@@H](CO)O3)[C@@H]3N1C2=C(C(N)=NC=N2)C(I)=C1,WHSIXKUPQCKWBY-IOSLPCCCSA-N,5-iodotubercidin,P49760,CLK2,CLK2,7.314588536268768
CN1CCC(NC(C2=CC(OC)=C(NC3=NC=C(N(C(C(F)(F)CN4C5CCCC5)=O)C)C4=N3)C=C2F)=O)CC1,GWRSATNRNFYMDI-UHFFFAOYSA-N,TAK960,P49760,CLK2,CLK2,6.639569900677176
Clc1ccc(CNc2nccc(n2)-c2cnn3ncccc23)cc1,NEWXQDRWGLAOAY-UHFFFAOYSA-N,GW781673X,Q9HAZ1,CLK4,CLK4,6.322670971030394
O=S(NC1=CC(C2=CC=C(C(NC(C3CC3)=O)=NN4)C4=C2)=CC=C1)(N(CC)CC)=O,UCBIQZUJJSVQHL-UHFFFAOYSA-N,UNC-AA-1-0013,Q9HAZ1,CLK4,CLK4,6.28954734169285
C[C@H]1COCCN1C2=NC(=NC3=C2C=CC(=N3)C4=CC(=CC=C4)C(=O)NC)N5CCOC[C@@H]5C,JUSFANSTBFGBAF-IRXDYDNUSA-N,AZD2014,P07333,CSF1R,CSF1R,6.8543359396692285
CN1CCC(CC1)n1cnc(c1-c1ccnc(NCCO)n1)-c1ccc(F)cc1,XKOQKLFWCLUSAU-UHFFFAOYSA-N,SB-226879,P48729,CSNK1A1,CSNK1A1,6.9222185793758815
CN1CCC(CC1)n1cnc(c1-c1ccnc(N)n1)-c1ccc(F)cc1,SVRAGOOKTLUHES-UHFFFAOYSA-N,SB-220455,P48729,CSNK1A1,CSNK1A1,6.797925873265612
O[C@H]([C@H](O)[C@@H](CO)O3)[C@@H]3N1C2=C(C(N)=NC=N2)C(I)=C1,WHSIXKUPQCKWBY-IOSLPCCCSA-N,5-iodotubercidin,P48729,CSNK1A1,CSNK1A1,7.392813943767533
Nc1nccc(n1)-c1c(nn2cc(ccc12)C(F)(F)F)-c1ccc(F)cc1,JQUJTXXKVLSAEV-UHFFFAOYSA-N,GW568326X,P48729,CSNK1A1,CSNK1A1,6.544748686688605
S(=O)(=O)(N1CCC(CC1)Oc3c(cc2ncnc(c2c3)N[C@H](C)c4ccccc4)OC)C,HNCQUOKLTSGCPT-MRXNPFEDSA-N,BI00010951,Q8N752,CSNK1A1L,CSNK1A1L,6.77682207302888
CN1CCC(CC1)n1cnc(c1-c1ccnc(N)n1)-c1ccc(F)cc1,SVRAGOOKTLUHES-UHFFFAOYSA-N,SB-220455,Q8N752,CSNK1A1L,CSNK1A1L,6.76302147268306
CN1CCC(CC1)n1cnc(c1-c1ccnc(N)n1)-c1ccc(F)cc1,SVRAGOOKTLUHES-UHFFFAOYSA-N,SB-220455,P48730,CSNK1D,CSNK1D,6.838829978743886
CC(C)OC(N(CC1)CCN1C2=NC3=C(C4=CN=C(C(F)(F)F)C=C4)C=NN3C=C2)=O,NDDGTHBFQLPYJL-UHFFFAOYSA-N,NK-92,P48730,CSNK1D,CSNK1D,6.6402670867719
Cc1ccc2c(c(nn2n1)-c1ccc(cc1)C(F)(F)F)-c1ccnc(Nc2ccc3OCCOc3c2)n1,JLEUOCWABWBHQW-UHFFFAOYSA-N,GW832467X,P48730,CSNK1D,CSNK1D,6.776115185250946
CN1CCC(CC1)n1cnc(c1-c1ccnc(NCCO)n1)-c1ccc(F)cc1,XKOQKLFWCLUSAU-UHFFFAOYSA-N,SB-226879,P49674,CSNK1E,CSNK1E,6.945028128943913
Clc1ccc(CNc2nccc(n2)-c2cnn3ncccc23)cc1,NEWXQDRWGLAOAY-UHFFFAOYSA-N,GW781673X,P49674,CSNK1E,CSNK1E,6.1799817221614255
CN1CCC(CC1)n1cnc(c1-c1ccnc(N)n1)-c1ccc(F)cc1,SVRAGOOKTLUHES-UHFFFAOYSA-N,SB-220455,P49674,CSNK1E,CSNK1E,6.573288419705729
Nc1nccc(n1)-c1c(nn2cc(ccc12)C(F)(F)F)-c1ccc(F)cc1,JQUJTXXKVLSAEV-UHFFFAOYSA-N,GW568326X,P49674,CSNK1E,CSNK1E,6.4436866376190505
Clc1c(cc(cc1)C#CC2(CCN(CC2)C)OC)-c3nc-4c(cn3)CCc5nc(sc5-4)NC(=O)C,SKJMTJUJMPIXBJ-UHFFFAOYSA-N,BI00047875,Q9HCP0,CSNK1G1,CSNK1G1,6.619169081495445
CN1CCC(NC(C2=CC(OC)=C(NC3=NC=C(N(C(C(F)(F)CN4C5CCCC5)=O)C)C4=N3)C=C2F)=O)CC1,GWRSATNRNFYMDI-UHFFFAOYSA-N,TAK960,P53355,DAPK1,DAPK1,6.41483237177067
CC(C)c1ccc2\C(=N/Nc3ccc(cc3)S(N)(=O)=O)C(=O)Nc2c1,KBESLZOGXNTNCJ-UHFFFAOYSA-N,GW300653X,Q9UIK4,DAPK2,DAPK2,6.1100383451898885
O=C(C1CC1)NC2=NNC3=C2C=CC(C4=CC=CC(NS(N(C)CC)(=O)=O)=C4)=C3,NKCMEGZSWOVKIL-UHFFFAOYSA-N,UNC-AA-1-0017,Q9UIK4,DAPK2,DAPK2,6.282605376236351
CC(C)c1ccc2\C(=N/Nc3ccc(cc3)S(N)(=O)=O)C(=O)Nc2c1,KBESLZOGXNTNCJ-UHFFFAOYSA-N,GW300653X,O43293,DAPK3,DAPK3,6.094542505903034
CN1CCC(NC(C2=CC(OC)=C(NC3=NC=C(N(C(C(F)(F)CN4C5CCCC5)=O)C)C4=N3)C=C2F)=O)CC1,GWRSATNRNFYMDI-UHFFFAOYSA-N,TAK960,O43293,DAPK3,DAPK3,6.52349352226979
O=C(C1CC1)NC2=NNC3=C2C=CC(C4=CC=CC(NS(N(C)CC)(=O)=O)=C4)=C3,NKCMEGZSWOVKIL-UHFFFAOYSA-N,UNC-AA-1-0017,O43293,DAPK3,DAPK3,6.42726088097916
FC(F)(F)c1c(ccc(c1)NC(=O)c2cc(c(cc2)C)-c3noc(n3)-c4cnccc4)Cl,LQZIUMJCFXSPTG-UHFFFAOYSA-N,BI00831861,Q08345,DDR1,DDR1,6.127790256008043
COC(=O)Nc1nc2ccc(cc2[nH]1)S(=O)(=O)c1ccc(NC(=O)Nc2cc(ccc2F)C(F)(F)F)cc1,RJOBEDHRAOYOQX-UHFFFAOYSA-N,GW680908A,Q08345,DDR1,DDR1,6.453799467448617
COc1ccc(cc1)-c1nn2ncccc2c1-c1ccnc(Nc2cccc(c2)C(F)(F)F)n1,BWBYKJFTJZIURF-UHFFFAOYSA-N,GW827105X,Q08345,DDR1,DDR1,6.465101298314406
CNC(=O)c1cncc(\C=C\c2ccccc2Cl)c1,HVTWLTGGYKBXHX-VOTSOKGWSA-N,GW445017X,Q08345,DDR1,DDR1,5.8521112948216985
O=C(C(N1C)=CC2=C1C(OC3=CC(C(N4CCN(C)CC4)=O)=NC=C3)=CC=C2)NC5=CC(C(C)(C)C)=CC(NS(=O)(C)=O)=C5OC,MAABOYWIPSQEMY-UHFFFAOYSA-N,BI00601359,Q08345,DDR1,DDR1,5.63613830674532
Cc1ccc2c(c(nn2n1)-c1ccc(cc1)C(F)(F)F)-c1ccnc(Nc2ccc3OCCOc3c2)n1,JLEUOCWABWBHQW-UHFFFAOYSA-N,GW832467X,Q08345,DDR1,DDR1,6.725677870415312
Nc1nccc(n1)-c1c(nn2cc(ccc12)C(F)(F)F)-c1ccc(F)cc1,JQUJTXXKVLSAEV-UHFFFAOYSA-N,GW568326X,Q08345,DDR1,DDR1,6.4608312485774615
FC(F)(F)c1c(ccc(c1)NC(=O)c2cc(c(cc2)C)-c3noc(n3)-c4cnccc4)Cl,LQZIUMJCFXSPTG-UHFFFAOYSA-N,BI00831861,Q16832,DDR2,DDR2,5.814767000692403
O=C(C(N1C)=CC2=C1C(OC3=CC(C(N4CCN(C)CC4)=O)=NC=C3)=CC=C2)NC5=CC(C(C)(C)C)=CC(NS(=O)(C)=O)=C5OC,MAABOYWIPSQEMY-UHFFFAOYSA-N,BI00601359,Q16832,DDR2,DDR2,5.9157114797559
s1c(nc3c1-c2n(nc(c2C(C3)C)-c4cnc(cc4)NCC)-c5c(cccc5)C)NC(=O)OC,FQXPXUGHKSKDIL-UHFFFAOYSA-N,BI00857480,Q09013,DMPK,DMPK,6.115310162250285
O[C@H]([C@H](O)[C@@H](CO)O3)[C@@H]3N1C2=C(C(N)=NC=N2)C(I)=C1,WHSIXKUPQCKWBY-IOSLPCCCSA-N,5-iodotubercidin,Q13627,DYRK1A,DYRK1A,6.771229791252479
COc1cc2ncn(-c3cc(OCc4ccccc4C(F)(F)F)c(s3)C(=O)N(C)C)c2cc1OC,CKYDKNBLVBVPCS-UHFFFAOYSA-N,GSK1030062A,Q9Y463,DYRK1B,DYRK1B,6.15247044325675
Clc1ccc(CNc2nccc(n2)-c2cnn3ncccc23)cc1,NEWXQDRWGLAOAY-UHFFFAOYSA-N,GW781673X,Q9Y463,DYRK1B,DYRK1B,6.244092027693638
O[C@H]([C@H](O)[C@@H](CO)O3)[C@@H]3N1C2=C(C(N)=NC=N2)C(I)=C1,WHSIXKUPQCKWBY-IOSLPCCCSA-N,5-iodotubercidin,Q92630,DYRK2,DYRK2,6.833277792183539
ClC1=CC(NC2=NC=CC(NCCCN3CCOCC3)=N2)=CC=C1,XEEXZIORUKKBII-UHFFFAOYSA-N,DI00625271,Q92630,DYRK2,DYRK2,6.626675292471757
S(=O)(=O)(N1CCC(CC1)Oc3c(cc2ncnc(c2c3)N[C@H](C)c4ccccc4)OC)C,HNCQUOKLTSGCPT-MRXNPFEDSA-N,BI00010951,P00533,EGFR,EGFR,6.425287687400013
Clc1c(cc(cc1)C#CC2(CCN(CC2)C)OC)-c3nc-4c(cn3)CCc5nc(sc5-4)NC(=O)C,SKJMTJUJMPIXBJ-UHFFFAOYSA-N,BI00047875,P00533,EGFR,EGFR,6.599249464907771
Fc1cccc(COc2ccc(Nc3ncnc4sc(cc34)-c3cccs3)cc2Cl)c1,PBIJKZCHYCDPPC-UHFFFAOYSA-N,GW684626B,P00533,EGFR,EGFR,6.1101599818249195
COc1ccc2ncnc(Nc3ccc(OCc4ccccc4)cc3)c2c1,RARTTYYZTRKYDS-UHFFFAOYSA-N,GI261520A,P00533,EGFR,EGFR,6.102016160565641
O=C(N(CC1=CC=CC=C1)CCCC)C2=CC=C(S(=O)(NC3=CC=CC=C3)=O)C=C2,VNCIWNGCMAKKEO-UHFFFAOYSA-N,TH257,P00533,EGFR,EGFR,6.05442038555725
Fc1cccc(COc2ccc(Nc3ncnc4sc(cc34)-c3cccs3)cc2Cl)c1,PBIJKZCHYCDPPC-UHFFFAOYSA-N,GW684626B,Q9BQI3,EIF2AK1,EIF2AK1,6.255762081615116
NS(=O)(=O)c1ccc(cc1)-c1ccc2c(NC(=O)C3CC3)n[nH]c2c1,ZZTJLVZEYMOZSD-UHFFFAOYSA-N,SB-738482,Q9P2K8,EIF2AK4,"GCN2(Kin.Dom.2,S808G)",6.3615262796961325
Cc1cc(Cl)cc2C(=NNc3ccc(cc3)S(N)(=O)=O)C(=O)Nc12,YWGGNXADJYGMJY-UHFFFAOYSA-N,GW279320X,P29317,EPHA2,EPHA2,6.281861393868535
O=C(Nc1n[nH]c2nc(ccc12)-c1ccco1)C1CC1,FJINJXZTEKDFRA-UHFFFAOYSA-N,SB-743899,P29317,EPHA2,EPHA2,6.368032848023166
O=C(C1CC1)NC2=NNC3=C2C=CC(C4=CC=CC(NS(N(C)CC)(=O)=O)=C4)=C3,NKCMEGZSWOVKIL-UHFFFAOYSA-N,UNC-AA-1-0017,P29317,EPHA2,EPHA2,6.380246331686148
FC(F)(F)c1c(ccc(c1)NC(=O)c2cc(c(cc2)C)-c3noc(n3)-c4cnccc4)Cl,LQZIUMJCFXSPTG-UHFFFAOYSA-N,BI00831861,P54764,EPHA4,EPHA4,6.053969989577911
FC(F)(F)c1c(ccc(c1)NC(=O)c2cc(c(cc2)C)-c3noc(n3)-c4cnccc4)Cl,LQZIUMJCFXSPTG-UHFFFAOYSA-N,BI00831861,Q9UF33,EPHA6,EPHA6,5.99039573933378
COC(=O)Nc1nc2ccc(cc2[nH]1)S(=O)(=O)c1ccc(NC(=O)Nc2cc(ccc2F)C(F)(F)F)cc1,RJOBEDHRAOYOQX-UHFFFAOYSA-N,GW680908A,P29322,EPHA8,EPHA8,6.2207552971635955
FC(F)(F)c1c(ccc(c1)NC(=O)c2cc(c(cc2)C)-c3noc(n3)-c4cnccc4)Cl,LQZIUMJCFXSPTG-UHFFFAOYSA-N,BI00831861,P54753,EPHB3,EPHB3,5.871026661562111
Fc1c(c(ccc1NS(=O)(=O)CCC)F)-n2nnc(c2)-c3cncc(c3)OC,PBZQXUCHRRZRTF-UHFFFAOYSA-N,BI00865461,O15197,EPHB6,EPHB6,6.398412253956168
Cc1cc(cc(C)c1\C=C\c1cncc(c1)-c1nn[nH]n1)-c1ccccn1,LBJHHPBGZCPQIO-VOTSOKGWSA-N,GW459057A,O15197,EPHB6,EPHB6,5.902371893593327
S(=O)(=O)(N1CCC(CC1)Oc3c(cc2ncnc(c2c3)N[C@H](C)c4ccccc4)OC)C,HNCQUOKLTSGCPT-MRXNPFEDSA-N,BI00010951,P04626,ERBB2,ERBB2,6.316103670807577
Fc1cccc(COc2ccc(Nc3ncnc4sc(cc34)-c3cccs3)cc2Cl)c1,PBIJKZCHYCDPPC-UHFFFAOYSA-N,GW684626B,P04626,ERBB2,ERBB2,6.525241398114223
COc1ccc2ncnc(Nc3ccc(OCc4ccccc4)cc3)c2c1,RARTTYYZTRKYDS-UHFFFAOYSA-N,GI261520A,P04626,ERBB2,ERBB2,6.117385525787993
COc1ccc2ncnc(Nc3ccc(OCc4ccccc4)cc3)c2c1,RARTTYYZTRKYDS-UHFFFAOYSA-N,GI261520A,Q15303,ERBB4,ERBB4,6.661810081547086
ClC1=CC(NC2=NC=CC(NCCCN3CCOCC3)=N2)=CC=C1,XEEXZIORUKKBII-UHFFFAOYSA-N,DI00625271,O75460,ERN1,ERN1,6.414851050139679
Cc1cc(Cl)cc2C(=NNc3ccc(cc3)S(N)(=O)=O)C(=O)Nc12,YWGGNXADJYGMJY-UHFFFAOYSA-N,GW279320X,P21802,FGFR2,FGFR2,6.105593722290205
O=C(Nc1n[nH]c2nc(ccc12)-c1ccco1)C1CC1,FJINJXZTEKDFRA-UHFFFAOYSA-N,SB-743899,P21802,FGFR2,FGFR2,6.617459969309438
O=C(C1CC1)NC2=NNC3=C2C=CC(C4=CC=CC(NS(N(C)CC)(=O)=O)=C4)=C3,NKCMEGZSWOVKIL-UHFFFAOYSA-N,UNC-AA-1-0017,P21802,FGFR2,FGFR2,6.2409627626050534
s1c(nc3c1-c2n(nc(c2C(C3)C)-c4cnc(cc4)NCC)-c5c(cccc5)C)NC(=O)OC,FQXPXUGHKSKDIL-UHFFFAOYSA-N,BI00857480,P22455,FGFR4,FGFR4,6.0581273945506515
O=S(NC1=CC(C2=CC=C(C(NC(C3CC3)=O)=NN4)C4=C2)=CC=C1)(N(CC)CC)=O,UCBIQZUJJSVQHL-UHFFFAOYSA-N,UNC-AA-1-0013,P22455,FGFR4,FGFR4,6.219391399291599
Clc1c(cc(cc1)C#CC2(CCN(CC2)C)OC)-c3nc-4c(cn3)CCc5nc(sc5-4)NC(=O)C,SKJMTJUJMPIXBJ-UHFFFAOYSA-N,BI00047875,P17948,FLT1,FLT1,6.401342566579304
Clc1c(cc(cc1)C#CC2(CCN(CC2)C)OC)-c3nc-4c(cn3)CCc5nc(sc5-4)NC(=O)C,SKJMTJUJMPIXBJ-UHFFFAOYSA-N,BI00047875,P36888,FLT3,FLT3(ITD),6.496863320548525
CC(C)c1ccc2\C(=N/Nc3ccc(cc3)S(N)(=O)=O)C(=O)Nc2c1,KBESLZOGXNTNCJ-UHFFFAOYSA-N,GW300653X,P36888,FLT3,FLT3,5.760055342958568
COc1c(cc(cc1-c1ccc(cc1)S(N)(=O)=O)-c1ccc(Cl)cc1)C(N)=O,PGMGCWOOCLJXIF-UHFFFAOYSA-N,GSK711701A,P36888,FLT3,FLT3,5.913994358376597
NC(=O)c1cc(cc(c1N)-c1ccncc1)-c1ccc(F)cc1,INRJBVLMKPWSHK-UHFFFAOYSA-N,GSK620503A,P36888,FLT3,FLT3,6.007972785608811
COc1ccc(cc1C(N)=O)-c1ccncc1,QEYUQXQAUUYZDC-UHFFFAOYSA-N,GSK605714A,P36888,FLT3,FLT3,5.805311756433941
N(c1ncc(o1)-c1ccccc1)c1ccccc1,HFICAVMUTYFODG-UHFFFAOYSA-N,GW549390X,P36888,FLT3,FLT3,6.05735808055114
COc1cc2ncn(-c3cc(OCc4ccccc4C(F)(F)F)c(s3)C(=O)N(C)C)c2cc1OC,CKYDKNBLVBVPCS-UHFFFAOYSA-N,GSK1030062A,P36888,FLT3,FLT3,6.420671580105319
N#Cc1cccc(Nc2ncc(o2)-c2ccccc2)c1,VZMXZHOJAGFSNF-UHFFFAOYSA-N,GW627834A,P36888,FLT3,FLT3,6.290360155860371
Cc1cc(cc(C)c1\C=C\c1cncc(c1)-c1nn[nH]n1)-c1ccccn1,LBJHHPBGZCPQIO-VOTSOKGWSA-N,GW459057A,P36888,FLT3,FLT3,5.925976118013508
N(c1ncc(o1)-c1ccccc1)c1ccc(Oc2ccccc2)cc1,MKASXHWBPFPYNF-UHFFFAOYSA-N,GW641155A,P36888,FLT3,FLT3,6.027944908664633
COc1ccc2ncnc(Nc3ccc(OCc4ccccc4)cc3)c2c1,RARTTYYZTRKYDS-UHFFFAOYSA-N,GI261520A,P42685,FRK,FRK,6.322012662195574
COc1ccc2ncnc(Nc3ccc(OCc4ccccc4)cc3)c2c1,RARTTYYZTRKYDS-UHFFFAOYSA-N,GI261520A,P06241,FYN,FYN,6.162537326345018
Clc1c(cc(cc1)C#CC2(CCN(CC2)C)OC)-c3nc-4c(cn3)CCc5nc(sc5-4)NC(=O)C,SKJMTJUJMPIXBJ-UHFFFAOYSA-N,BI00047875,O14976,GAK,GAK,6.5551697901344665
COc1ccc(cc1)-c1nn2ncccc2c1-c1ccnc(Nc2cccc(c2)C(F)(F)F)n1,BWBYKJFTJZIURF-UHFFFAOYSA-N,GW827105X,O14976,GAK,GAK,6.538862865150561
CN1CCC(NC(C2=CC(OC)=C(NC3=NC=C(N(C(C(F)(F)CN4C5CCCC5)=O)C)C4=N3)C=C2F)=O)CC1,GWRSATNRNFYMDI-UHFFFAOYSA-N,TAK960,O14976,GAK,GAK,6.689843627395045
Nc1nccc(n1)-c1c(nn2cc(ccc12)C(F)(F)F)-c1ccc(F)cc1,JQUJTXXKVLSAEV-UHFFFAOYSA-N,GW568326X,O14976,GAK,GAK,6.2679075521946155
O=C(C1CC1)NC2=NNC3=C2C=CC(C4=CC=CC(NS(N(C)CC)(=O)=O)=C4)=C3,NKCMEGZSWOVKIL-UHFFFAOYSA-N,UNC-AA-1-0017,P32298,GRK4,GRK4,6.373389991331367
O=C(NC=C1)C2=C1C(C(C(C)C)=NO3)=C3C4=C2C=C(C)C=C4,RHCWRLPKOJKBJP-UHFFFAOYSA-N,MO 286/LN 989,P32298,GRK4,GRK4,6.423867521508898
CN1CCC(CNC(C=C2)=NN3C2=NC=C3C4=CC=CC(OC(F)(F)F)=C4)CC1,MHXGEROHKGDZGO-UHFFFAOYSA-N,SGI-1776,Q8WTQ7,GRK7,GRK7,6.604390087889125
Cc1ccc2c(c(nn2n1)-c1ccc(cc1)C(F)(F)F)-c1ccnc(Nc2ccc3OCCOc3c2)n1,JLEUOCWABWBHQW-UHFFFAOYSA-N,GW832467X,Q8WTQ7,GRK7,GRK7,6.603052274669638
Fc1ccc(cc1)-c1c(nc2SCCn12)-c1ccncc1,GLHFDXWSDZWRNN-UHFFFAOYSA-N,SKF-86055,Q8TF76,GSG2,HASPIN,6.335492087212241
COc1ccc(cc1C(N)=O)-c1ccncc1,QEYUQXQAUUYZDC-UHFFFAOYSA-N,GSK605714A,Q8TF76,GSG2,HASPIN,6.592628655424488
O=S(C2=CC=CC1=CN=CC=C12)(NCCNC/C=C/C3=CC=C(Br)C=C3)=O,ZKZXNDJNWUTGDK-NSCUHMNNSA-N,H89,Q8TF76,GSG2,HASPIN,6.507267773189129
CN1CCC(CNC(C=C2)=NN3C2=NC=C3C4=CC=CC(OC(F)(F)F)=C4)CC1,MHXGEROHKGDZGO-UHFFFAOYSA-N,SGI-1776,Q8TF76,GSG2,HASPIN,6.4895588405073585
O[C@H]([C@H](O)[C@@H](CO)O3)[C@@H]3N1C2=C(C(N)=NC=N2)C(I)=C1,WHSIXKUPQCKWBY-IOSLPCCCSA-N,5-iodotubercidin,Q8TF76,GSG2,HASPIN,6.807562655182865
O=C(OC)C1=CC=C(C2=C(C(N)=C(C(N)=O)S3)C3=NC(N4CCC(N)CC4)=C2)C=C1,LBVMBECAHIBYAO-UHFFFAOYSA-N,BI00604549,Q8TF76,GSG2,HASPIN,6.9499370163446175
CC1=CN=C(N1)C2=CN=C(N=C2C3=C(C=C(C=C3)Cl)Cl)NCCNC4=NC=C(C=C4)C#N,AQGNHMOJWBZFQQ-UHFFFAOYSA-N,CHIR99021,P49840,GSK3A,GSK3A,6.770148616487343
CC1=CN=C(N1)C2=CN=C(N=C2C3=C(C=C(C=C3)Cl)Cl)NCCNC4=NC=C(C=C4)C#N,AQGNHMOJWBZFQQ-UHFFFAOYSA-N,CHIR99021,P49841,GSK3B,GSK3B,6.82556008694804
Fc1c(c(ccc1NS(=O)(=O)CCC)F)-n2nnc(c2)-c3cncc(c3)OC,PBZQXUCHRRZRTF-UHFFFAOYSA-N,BI00865461,P08631,HCK,HCK,6.329093999330754
Clc1ccc(CNc2nccc(n2)-c2cnn3ncccc23)cc1,NEWXQDRWGLAOAY-UHFFFAOYSA-N,GW781673X,Q86Z02,HIPK1,HIPK1,6.394123779968012
O[C@H]([C@H](O)[C@@H](CO)O3)[C@@H]3N1C2=C(C(N)=NC=N2)C(I)=C1,WHSIXKUPQCKWBY-IOSLPCCCSA-N,5-iodotubercidin,Q86Z02,HIPK1,HIPK1,7.0167173437975565
O[C@H]([C@H](O)[C@@H](CO)O3)[C@@H]3N1C2=C(C(N)=NC=N2)C(I)=C1,WHSIXKUPQCKWBY-IOSLPCCCSA-N,5-iodotubercidin,Q9H2X6,HIPK2,HIPK2,6.838973513373513
Clc1ccc(CNc2nccc(n2)-c2cnn3ncccc23)cc1,NEWXQDRWGLAOAY-UHFFFAOYSA-N,GW781673X,Q9H422,HIPK3,HIPK3,6.230483522316963
O[C@H]([C@H](O)[C@@H](CO)O3)[C@@H]3N1C2=C(C(N)=NC=N2)C(I)=C1,WHSIXKUPQCKWBY-IOSLPCCCSA-N,5-iodotubercidin,Q9H422,HIPK3,HIPK3,6.989346070153705
Clc1c(cccc1)-n2nc(c4c2-c3sc(nc3CC4)NC(=O)NCc5[nH]ccn5)-c6cnccc6,JXKHIJZYDXHNSW-UHFFFAOYSA-N,BI00048423,Q9UPZ9,ICK,ICK,6.436135963714575
O=C(OC)C1=CC=C(C2=C(C(N)=C(C(N)=O)S3)C3=NC(N4CCC(N)CC4)=C2)C=C1,LBVMBECAHIBYAO-UHFFFAOYSA-N,BI00604549,O14920,IKBKB,IKK-beta,6.937871269747006
CN1CCC(NC(C2=CC(OC)=C(NC3=NC=C(N(C(C(F)(F)CN4C5CCCC5)=O)C)C4=N3)C=C2F)=O)CC1,GWRSATNRNFYMDI-UHFFFAOYSA-N,TAK960,P06213,INSR,INSR,6.388800605447799
CN1CCC(CC1)COC2=CN=C(N=C2)C3=CC(=CC=C3)CN4C(=O)C=CC(=N4)C5=CC=CC(=C5)C#N,AHYMHWXQRWRBKT-UHFFFAOYSA-N,EMD-1214063,P51617,IRAK1,IRAK1,6.621276485925651
O[C@H]([C@H](O)[C@@H](CO)O3)[C@@H]3N1C2=C(C(N)=NC=N2)C(I)=C1,WHSIXKUPQCKWBY-IOSLPCCCSA-N,5-iodotubercidin,Q9NWZ3,IRAK4,IRAK4,7.034124910808107
CN1CCC(CC1)COC2=CN=C(N=C2)C3=CC(=CC=C3)CN4C(=O)C=CC(=N4)C5=CC=CC(=C5)C#N,AHYMHWXQRWRBKT-UHFFFAOYSA-N,EMD-1214063,Q9NWZ3,IRAK4,IRAK4,6.994184490088597
COc1ccc(cc1)-c1coc2ncnc(N)c12,QGHMHWPBFHABJY-UHFFFAOYSA-N,GW642125X,P23458,JAK1,JAK1(JH2domain-pseudokinase),6.109779239080343
NS(=O)(=O)c1ccc(cc1)-c1ccc2c(NC(=O)C3CC3)n[nH]c2c1,ZZTJLVZEYMOZSD-UHFFFAOYSA-N,SB-738482,P23458,JAK1,JAK1(JH1domain-catalytic),6.622260401415166
FC(F)(F)c1c(ccc(c1)NC(=O)c2cc(c(cc2)C)-c3noc(n3)-c4cnccc4)Cl,LQZIUMJCFXSPTG-UHFFFAOYSA-N,BI00831861,P10721,KIT,KIT,5.786864565353213
N(c1ncc(o1)-c1ccccc1)c1ccccc1,HFICAVMUTYFODG-UHFFFAOYSA-N,GW549390X,P10721,KIT,KIT,6.007475509231895
COc1ccc(cc1)-c1coc2ncnc(N)c12,QGHMHWPBFHABJY-UHFFFAOYSA-N,GW642125X,P10721,KIT,KIT,6.27854740058004
COc1ccc(cc1)-c1nn2ncccc2c1-c1ccnc(Nc2cccc(c2)C(F)(F)F)n1,BWBYKJFTJZIURF-UHFFFAOYSA-N,GW827105X,P10721,KIT,KIT,5.9961877295542925
NS(=O)(=O)c1ccc(Nc2cc(n[nH]2)-c2cccc(O)c2)cc1,PVLOKYREDKFWTF-UHFFFAOYSA-N,GW831090X,P10721,KIT,KIT,6.1618260578358
N#Cc1cccc(Nc2ncc(o2)-c2ccccc2)c1,VZMXZHOJAGFSNF-UHFFFAOYSA-N,GW627834A,P10721,KIT,KIT,6.24994427161829
CNC(=O)c1cncc(\C=C\c2ccccc2Cl)c1,HVTWLTGGYKBXHX-VOTSOKGWSA-N,GW445017X,P10721,KIT,KIT,6.100500376976811
N(c1ncc(o1)-c1ccccc1)c1ccc(Oc2ccccc2)cc1,MKASXHWBPFPYNF-UHFFFAOYSA-N,GW641155A,P10721,KIT,KIT,6.131203106609204
Cc1ccc2c(c(nn2n1)-c1ccc(cc1)C(F)(F)F)-c1ccnc(Nc2ccc3OCCOc3c2)n1,JLEUOCWABWBHQW-UHFFFAOYSA-N,GW832467X,P10721,KIT,KIT,6.536735806854169
CCS(=O)(=O)c1ccc(OC)c(Nc2ncc(o2)-c2ccccc2Cl)c1,QAAZSECJUMWUTP-UHFFFAOYSA-N,GW622055X,O95835,LATS1,LATS1,5.847264589510825
NC(=O)c1cc(cc(c1N)-c1ccncc1)-c1ccc(F)cc1,INRJBVLMKPWSHK-UHFFFAOYSA-N,GSK620503A,O95835,LATS1,LATS1,6.067495106078671
Cc1cc(Cl)cc2C(=NNc3ccc(cc3)S(N)(=O)=O)C(=O)Nc12,YWGGNXADJYGMJY-UHFFFAOYSA-N,GW279320X,O95835,LATS1,LATS1,6.175894575043176
N(c1ncc(o1)-c1ccccc1)c1ccccc1,HFICAVMUTYFODG-UHFFFAOYSA-N,GW549390X,O95835,LATS1,LATS1,6.00403687728473
Cc1ccc(cc1-c1ccc(cc1)C(=O)NCC1CC1)C(=O)NC1CCC1,RPNGVORGBYYVHT-UHFFFAOYSA-N,GW782912X,O95835,LATS1,LATS1,6.147017678089766
O=C(NCC1=CC=CC=C1)C2=CC=C(S(=O)(NCC3=CC=CC=C3)=O)C=C2,QDGVJMITKNOVTP-UHFFFAOYSA-N,TH263,O95835,LATS1,LATS1,6.25458309139876
O[C@H]([C@H](O)[C@@H](CO)O3)[C@@H]3N1C2=C(C(N)=NC=N2)C(I)=C1,WHSIXKUPQCKWBY-IOSLPCCCSA-N,5-iodotubercidin,Q9NRM7,LATS2,LATS2,6.879853916785071
COC(=O)Nc1nc2ccc(cc2[nH]1)S(=O)(=O)c1ccc(NC(=O)Nc2cc(ccc2F)C(F)(F)F)cc1,RJOBEDHRAOYOQX-UHFFFAOYSA-N,GW680908A,P06239,LCK,LCK,6.235352949472189
O=C(N(CC1=CC=CC=C1)CCCC)C2=CC=C(S(=O)(NC3=CC=CC=C3)=O)C=C2,VNCIWNGCMAKKEO-UHFFFAOYSA-N,TH257,P06239,LCK,LCK,6.054350046218985
O=C(C1=CC=C(C=C1)S(=O)(NC2=CC=CC=C2)=O)N(CC)CC3=CC=CC=C3,HSFGCMJKYHQRQQ-UHFFFAOYSA-N,TH251,P53667,LIMK1,LIMK1,6.166093304087241
O=C(N(CC1=CC=CC=C1)CCCC)C2=CC=C(S(=O)(NC3=CC=CC=C3)=O)C=C2,VNCIWNGCMAKKEO-UHFFFAOYSA-N,TH257,P53667,LIMK1,LIMK1,6.400571400080305
O=C(C1=CC=C(C=C1)S(=O)(NC2=CC=CC=C2)=O)N(CC)CC3=CC=CC=C3,HSFGCMJKYHQRQQ-UHFFFAOYSA-N,TH251,P53671,LIMK2,LIMK2,6.066400353843203
O=C(N(CC1=CC=CC=C1)CCCC)C2=CC=C(S(=O)(NC3=CC=CC=C3)=O)C=C2,VNCIWNGCMAKKEO-UHFFFAOYSA-N,TH257,P53671,LIMK2,LIMK2,6.544193265168444
O=C(C1=CC=C(C=C1)S(=O)(NC2=CC=CC(Cl)=C2)=O)N(CCC)CC3=CC=CC=C3,VMGWOAVOASXXIH-UHFFFAOYSA-N,TH300,P53671,LIMK2,LIMK2,6.629569672442062
O[C@H]([C@H](O)[C@@H](CO)O3)[C@@H]3N1C2=C(C(N)=NC=N2)C(I)=C1,WHSIXKUPQCKWBY-IOSLPCCCSA-N,5-iodotubercidin,Q5S007,LRRK2,LRRK2,6.65612568564467
Fc1ccc(cc1)-c1cc(ccn1)-c1c[nH]nc1-c1ccccn1,HZJPBOLTWHOKEL-UHFFFAOYSA-N,GW680975X,P29376,LTK,LTK,6.183846383057439
O=C(NCC1=CC=CC=C1)C2=CC=C(S(=O)(NCC3=CC=CC=C3)=O)C=C2,QDGVJMITKNOVTP-UHFFFAOYSA-N,TH263,P29376,LTK,LTK,5.828230666840269
COc1cc2ncn(-c3cc(OCc4ccccc4C(F)(F)F)c(s3)C(=O)N(C)C)c2cc1OC,CKYDKNBLVBVPCS-UHFFFAOYSA-N,GSK1030062A,P07948,LYN,LYN,6.2817562317477345
O=C(C1=CC=C(C=C1)S(=O)(NC2=CC=CC=C2)=O)N(CC)CC3=CC=CC=C3,HSFGCMJKYHQRQQ-UHFFFAOYSA-N,TH251,P20794,MAK,MAK,6.005663516360211
Cc1cc(cc(C)c1\C=C\c1cncc(c1)-c1nn[nH]n1)-c1ccccn1,LBJHHPBGZCPQIO-VOTSOKGWSA-N,GW459057A,Q02750,MAP2K1,MEK1,5.81681553494742
O[C@H]([C@H](O)[C@@H](CO)O3)[C@@H]3N1C2=C(C(N)=NC=N2)C(I)=C1,WHSIXKUPQCKWBY-IOSLPCCCSA-N,5-iodotubercidin,Q02750,MAP2K1,MEK1,6.790058324292248
O[C@H]([C@H](O)[C@@H](CO)O3)[C@@H]3N1C2=C(C(N)=NC=N2)C(I)=C1,WHSIXKUPQCKWBY-IOSLPCCCSA-N,5-iodotubercidin,P36507,MAP2K2,MEK2,6.713531111358809
O[C@H]([C@H](O)[C@@H](CO)O3)[C@@H]3N1C2=C(C(N)=NC=N2)C(I)=C1,WHSIXKUPQCKWBY-IOSLPCCCSA-N,5-iodotubercidin,P46734,MAP2K3,MEK3,6.845775300243135
Fc1c(c(ccc1NS(=O)(=O)CCC)F)-n2nnc(c2)-c3cncc(c3)OC,PBZQXUCHRRZRTF-UHFFFAOYSA-N,BI00865461,Q13163,MAP2K5,MEK5,5.8282353655964085
CNC(=O)c1cncc(\C=C\c2ccccc2Cl)c1,HVTWLTGGYKBXHX-VOTSOKGWSA-N,GW445017X,Q13163,MAP2K5,MEK5,6.07842094582794
Cc1cc(cc(C)c1\C=C\c1cncc(c1)-c1nn[nH]n1)-c1ccccn1,LBJHHPBGZCPQIO-VOTSOKGWSA-N,GW459057A,Q13163,MAP2K5,MEK5,5.6727252430616595
COc1ccc2ncnc(Nc3ccc(OCc4ccccc4)cc3)c2c1,RARTTYYZTRKYDS-UHFFFAOYSA-N,GI261520A,Q13163,MAP2K5,MEK5,6.5695755911762195
O[C@H]([C@H](O)[C@@H](CO)O3)[C@@H]3N1C2=C(C(N)=NC=N2)C(I)=C1,WHSIXKUPQCKWBY-IOSLPCCCSA-N,5-iodotubercidin,Q13163,MAP2K5,MEK5,6.977820452046612
FC(F)(F)c1c(ccc(c1)NC(=O)c2cc(c(cc2)C)-c3noc(n3)-c4cnccc4)Cl,LQZIUMJCFXSPTG-UHFFFAOYSA-N,BI00831861,P52564,MAP2K6,MEK6,5.726719031400493
s1c(nc3c1-c2n(nc(c2C(C3)C)-c4cnc(cc4)NCC)-c5c(cccc5)C)NC(=O)OC,FQXPXUGHKSKDIL-UHFFFAOYSA-N,BI00857480,Q6ZN16,MAP3K15,MAP3K15,5.915966084103145
Fc1ccc(cc1)-c1c(nc2SCCn12)-c1ccncc1,GLHFDXWSDZWRNN-UHFFFAOYSA-N,SKF-86055,Q56UN5,MAP3K19,YSK4,6.129737379401817
COc1ccc(cc1C(N)=O)-c1ccncc1,QEYUQXQAUUYZDC-UHFFFAOYSA-N,GSK605714A,Q56UN5,MAP3K19,YSK4,5.843423799324356
CCn1c(nc2ccc(F)cc12)-c1nonc1N,CFCWMGRWMVZFQN-UHFFFAOYSA-N,GW785404X,Q56UN5,MAP3K19,YSK4,6.548576880945857
O[C@H]([C@H](O)[C@@H](CO)O3)[C@@H]3N1C2=C(C(N)=NC=N2)C(I)=C1,WHSIXKUPQCKWBY-IOSLPCCCSA-N,5-iodotubercidin,Q56UN5,MAP3K19,YSK4,7.004420005758047
ClC1=CC=C(F)C(C2=NC(N=CC=N3)=C3C(NC4=CC=NC=C4)=N2)=C1,BERLXWPRSBJFHO-UHFFFAOYSA-N,SD-208,P53779,MAPK10,JNK3,6.38709377554139
O=C(C(N1C)=CC2=C1C(OC3=CC(C(N4CCN(C)CC4)=O)=NC=C3)=CC=C2)NC5=CC(C(C)(C)C)=CC(NS(=O)(C)=O)=C5OC,MAABOYWIPSQEMY-UHFFFAOYSA-N,BI00601359,Q15759,MAPK11,p38-beta,5.6295018764189555
Fc1ccc(cc1)-c1ncn(CCCN2CCOCC2)c1-c1ccncc1,ANWALZPQHPAZFO-UHFFFAOYSA-N,SB-210313,Q16539,MAPK14,p38-alpha,6.515137525229024
Cc1ccc(cc1-c1ccc2[nH]ncc2c1)C(=O)NC1CC1,HZKJOEBOIMSMJP-UHFFFAOYSA-N,GW820759X,Q16539,MAPK14,p38-alpha,6.4969764610943646
CN1CCC(CC1)n1cnc(c1-c1ccnc(NCCO)n1)-c1ccc(F)cc1,XKOQKLFWCLUSAU-UHFFFAOYSA-N,SB-226879,Q16539,MAPK14,p38-alpha,6.688026492682084
COc1ccc(cc1)-c1nn2ncccc2c1-c1ccnc(Nc2cccc(c2)C(F)(F)F)n1,BWBYKJFTJZIURF-UHFFFAOYSA-N,GW827105X,Q16539,MAPK14,p38-alpha,6.506981675481599
Cc1nnc(o1)-c1ccc(C)c(c1)-c1ccc(cc1)C(=O)NCc1ccc(Cl)cc1,PGONBMCLDBGMIY-UHFFFAOYSA-N,GW708893X,Q16539,MAPK14,p38-alpha,6.115811833903021
Cc1ccc(cc1-c1ccc(cc1)C(=O)NCC1CC1)C(=O)NC1CCC1,RPNGVORGBYYVHT-UHFFFAOYSA-N,GW782912X,Q16539,MAPK14,p38-alpha,6.24642518140253
CN1CCC(CC1)n1cnc(c1-c1ccnc(N)n1)-c1ccc(F)cc1,SVRAGOOKTLUHES-UHFFFAOYSA-N,SB-220455,Q16539,MAPK14,p38-alpha,6.40309917681323
O=S(C2=CC=CC1=CN=CC=C12)(NCCNC/C=C/C3=CC=C(Br)C=C3)=O,ZKZXNDJNWUTGDK-NSCUHMNNSA-N,H89,Q16539,MAPK14,p38-alpha,6.278633553448957
C[C@H]1COCCN1C2=NC(=NC3=C2C=CC(=N3)C4=CC(=CC=C4)C(=O)NC)N5CCOC[C@@H]5C,JUSFANSTBFGBAF-IRXDYDNUSA-N,AZD2014,Q16539,MAPK14,p38-alpha,6.676876897789414
O=C(C(N1C)=CC2=C1C(OC3=CC(C(N4CCN(C)CC4)=O)=NC=C3)=CC=C2)NC5=CC(C(C)(C)C)=CC(NS(=O)(C)=O)=C5OC,MAABOYWIPSQEMY-UHFFFAOYSA-N,BI00601359,Q16539,MAPK14,p38-alpha,6.178634997093287
Cc1ccc2c(c(nn2n1)-c1ccc(cc1)C(F)(F)F)-c1ccnc(Nc2ccc3OCCOc3c2)n1,JLEUOCWABWBHQW-UHFFFAOYSA-N,GW832467X,Q16539,MAPK14,p38-alpha,6.46898253410018
Nc1nccc(n1)-c1c(nn2cc(ccc12)C(F)(F)F)-c1ccc(F)cc1,JQUJTXXKVLSAEV-UHFFFAOYSA-N,GW568326X,Q16539,MAPK14,p38-alpha,6.4216580328499875
CN1CCC(CC1)n1cnc(c1-c1ccnc(N)n1)-c1ccc(F)cc1,SVRAGOOKTLUHES-UHFFFAOYSA-N,SB-220455,P45984,MAPK9,JNK2,6.620915971742077
O=C(C(N1C)=CC2=C1C(OC3=CC(C(N4CCN(C)CC4)=O)=NC=C3)=CC=C2)NC5=CC(C(C)(C)C)=CC(NS(=O)(C)=O)=C5OC,MAABOYWIPSQEMY-UHFFFAOYSA-N,BI00601359,P45984,MAPK9,JNK2,5.585192999131554
S(=O)(=O)(N1CCC(CC1)Oc3c(cc2ncnc(c2c3)N[C@H](C)c4ccccc4)OC)C,HNCQUOKLTSGCPT-MRXNPFEDSA-N,BI00010951,Q9P0L2,MARK1,MARK1,6.536116466762936
NS(=O)(=O)c1ccc(Nc2cc(n[nH]2)-c2cccc(O)c2)cc1,PVLOKYREDKFWTF-UHFFFAOYSA-N,GW831090X,Q9P0L2,MARK1,MARK1,6.0624628203798645
S(=O)(=O)(N1CCC(CC1)Oc3c(cc2ncnc(c2c3)N[C@H](C)c4ccccc4)OC)C,HNCQUOKLTSGCPT-MRXNPFEDSA-N,BI00010951,Q96L34,MARK4,MARK4,6.333121311183077
ClC1=CC(NC2=NC=CC(NCCCN3CCOCC3)=N2)=CC=C1,XEEXZIORUKKBII-UHFFFAOYSA-N,DI00625271,P42679,MATK,CTK,6.446834580438095
COc1ccc(cc1C(N)=O)-c1ccncc1,QEYUQXQAUUYZDC-UHFFFAOYSA-N,GSK605714A,Q14680,MELK,MELK,6.191454541812334
COC(=O)Nc1nc2ccc(cc2[nH]1)S(=O)(=O)c1ccc(NC(=O)Nc2cc(ccc2F)C(F)(F)F)cc1,RJOBEDHRAOYOQX-UHFFFAOYSA-N,GW680908A,Q14680,MELK,MELK,6.658893733925237
CS(=O)(=O)Nc1cccc(c1)-c1ccc2c(NC(=O)C3CC3)n[nH]c2c1,FUQAHBLEGDXXKS-UHFFFAOYSA-N,SB-742864,Q14680,MELK,MELK,6.376109074502678
CNC(=O)c1cncc(\C=C\c2ccccc2Cl)c1,HVTWLTGGYKBXHX-VOTSOKGWSA-N,GW445017X,Q14680,MELK,MELK,5.977360876400027
S(=O)(=O)(N1CCC(CC1)Oc3c(cc2ncnc(c2c3)N[C@H](C)c4ccccc4)OC)C,HNCQUOKLTSGCPT-MRXNPFEDSA-N,BI00010951,Q12866,MERTK,MERTK,6.226188055142786
Fc1ccc(cc1)-c1ncn(CCCN2CCOCC2)c1-c1ccncc1,ANWALZPQHPAZFO-UHFFFAOYSA-N,SB-210313,Q8N4C8,MINK1,MINK,6.19768817645047
NS(=O)(=O)c1cccc(c1)-c1cc2ccncc2cc1OCc1ccccc1,WFQYBHCSVMMJEF-UHFFFAOYSA-N,GSK980961A,Q9HBH9,MKNK2,MKNK2,6.307718244364307
O=C(C1=CC=C(C=C1)S(=O)(NC2=CC=CC=C2)=O)N(CC)CC3=CC=CC=C3,HSFGCMJKYHQRQQ-UHFFFAOYSA-N,TH251,Q04912,MST1R,MST1R,5.783132257411803
Clc1c(cccc1)-n2nc(c4c2-c3sc(nc3CC4)NC(=O)NCc5[nH]ccn5)-c6cnccc6,JXKHIJZYDXHNSW-UHFFFAOYSA-N,BI00048423,P42345,MTOR,MTOR,6.138697111712391
s1c(nc3c1-c2n(nc(c2C(C3)C)-c4cnc(cc4)NCC)-c5c(cccc5)C)NC(=O)OC,FQXPXUGHKSKDIL-UHFFFAOYSA-N,BI00857480,P42345,MTOR,MTOR,6.002185631881559
C[C@H]1COCCN1C2=NC(=NC3=C2C=CC(=N3)C4=CC(=CC=C4)C(=O)NC)N5CCOC[C@@H]5C,JUSFANSTBFGBAF-IRXDYDNUSA-N,AZD2014,P42345,MTOR,MTOR,6.884743392866069
CC(N1CCN(C2=NC=NC(CC)=C2C#CC3=CC=C(N)N=C3)CC1)=O,GKROGJIGFRYBLZ-UHFFFAOYSA-N,BI00862142,P42345,MTOR,MTOR,6.337177369406616
CN1CCC(NC(C2=CC(OC)=C(NC3=NC=C(N(C(C(F)(F)CN4C5CCCC5)=O)C)C4=N3)C=C2F)=O)CC1,GWRSATNRNFYMDI-UHFFFAOYSA-N,TAK960,Q15746,MYLK,MYLK,6.8887737168783785
O=S(NC1=CC(C2=CC=C(C(NC(C3CC3)=O)=NN4)C4=C2)=CC=C1)(N(CC)CC)=O,UCBIQZUJJSVQHL-UHFFFAOYSA-N,UNC-AA-1-0013,Q9H1R3,MYLK2,MYLK2,6.284089046210004
O=C(C1CC1)NC2=NNC3=C2C=CC(C4=CC=CC(NS(N(C)CC)(=O)=O)=C4)=C3,NKCMEGZSWOVKIL-UHFFFAOYSA-N,UNC-AA-1-0017,Q9H1R3,MYLK2,MYLK2,6.39525071102776
O=C(C1CC1)NC2=NNC3=C2C=CC(C4=CC=CC(NS(CC(C)C)(=O)=O)=C4)=C3,SENOTLIGBLGKGP-UHFFFAOYSA-N,UNC-AA-1-0022,Q9H1R3,MYLK2,MYLK2,6.34496505614463
CC(C)OC(N(CC1)CCN1C2=NC3=C(C4=CN=C(C(F)(F)F)C=C4)C=NN3C=C2)=O,NDDGTHBFQLPYJL-UHFFFAOYSA-N,NK-92,Q86YV6,MYLK4,MYLK4,6.468014126880479
C[C@H]1COCCN1C2=NC(=NC3=C2C=CC(=N3)C4=CC(=CC=C4)C(=O)NC)N5CCOC[C@@H]5C,JUSFANSTBFGBAF-IRXDYDNUSA-N,AZD2014,Q86YV6,MYLK4,MYLK4,6.574463773807766
Clc1c(cccc1)-n2nc(c4c2-c3sc(nc3CC4)NC(=O)NCc5[nH]ccn5)-c6cnccc6,JXKHIJZYDXHNSW-UHFFFAOYSA-N,BI00048423,Q8NEV4,MYO3A,MYO3A,6.239259832317065
FC(F)(F)c1c(ccc(c1)NC(=O)c2cc(c(cc2)C)-c3noc(n3)-c4cnccc4)Cl,LQZIUMJCFXSPTG-UHFFFAOYSA-N,BI00831861,Q96PY6,NEK1,NEK1,5.728214504958397
Clc1c(cc(cc1)C#CC2(CCN(CC2)C)OC)-c3nc-4c(cn3)CCc5nc(sc5-4)NC(=O)C,SKJMTJUJMPIXBJ-UHFFFAOYSA-N,BI00047875,P51955,NEK2,NEK2,6.450983997734357
Clc1c(cc(cc1)C#CC2(CCN(CC2)C)OC)-c3nc-4c(cn3)CCc5nc(sc5-4)NC(=O)C,SKJMTJUJMPIXBJ-UHFFFAOYSA-N,BI00047875,P51956,NEK3,NEK3,6.812811694060573
FC(F)(F)c1c(ccc(c1)NC(=O)c2cc(c(cc2)C)-c3noc(n3)-c4cnccc4)Cl,LQZIUMJCFXSPTG-UHFFFAOYSA-N,BI00831861,P51956,NEK3,NEK3,6.197541645946335
Clc1c(cc(cc1)C#CC2(CCN(CC2)C)OC)-c3nc-4c(cn3)CCc5nc(sc5-4)NC(=O)C,SKJMTJUJMPIXBJ-UHFFFAOYSA-N,BI00047875,Q6P3R8,NEK5,NEK5,6.505952914154607
CCn1c(nc2ccncc12)-c1nonc1N,XDQUYQKTDSDQRL-UHFFFAOYSA-N,SB-738561,Q6P3R8,NEK5,NEK5,6.527092986459335
O=C(Nc1n[nH]c2nc(ccc12)-c1ccco1)C1CC1,FJINJXZTEKDFRA-UHFFFAOYSA-N,SB-743899,Q8TDX7,NEK7,NEK7,6.529431945005472
O=C(Nc1n[nH]c2nc(ccc12)-c1ccco1)C1CC1,FJINJXZTEKDFRA-UHFFFAOYSA-N,SB-743899,Q8TD19,NEK9,NEK9,6.508436577463316
CN1CCC(CC1)n1cnc(c1-c1ccnc(NCCO)n1)-c1ccc(F)cc1,XKOQKLFWCLUSAU-UHFFFAOYSA-N,SB-226879,Q9UBE8,NLK,NLK,7.095185172844547
COc1ccc(cc1)-c1nn2ncccc2c1-c1ccnc(Nc2cccc(c2)C(F)(F)F)n1,BWBYKJFTJZIURF-UHFFFAOYSA-N,GW827105X,Q9UBE8,NLK,NLK,6.494421990367313
CN1CCC(CC1)n1cnc(c1-c1ccnc(N)n1)-c1ccc(F)cc1,SVRAGOOKTLUHES-UHFFFAOYSA-N,SB-220455,Q9UBE8,NLK,NLK,6.702057737353374
O[C@H]([C@H](O)[C@@H](CO)O3)[C@@H]3N1C2=C(C(N)=NC=N2)C(I)=C1,WHSIXKUPQCKWBY-IOSLPCCCSA-N,5-iodotubercidin,Q16620,NTRK2,TRKB,6.968018936989877
O=S(C2=CC=CC1=CN=CC=C12)(NCCNC/C=C/C3=CC=C(Br)C=C3)=O,ZKZXNDJNWUTGDK-NSCUHMNNSA-N,H89,Q9H093,NUAK2,SNARK,6.420820152084616
O[C@H]([C@H](O)[C@@H](CO)O3)[C@@H]3N1C2=C(C(N)=NC=N2)C(I)=C1,WHSIXKUPQCKWBY-IOSLPCCCSA-N,5-iodotubercidin,O95747,OXSR1,OSR1,7.144305773278914
Fc1ccc(cc1)-c1cc(ccn1)-c1c[nH]nc1-c1ccccn1,HZJPBOLTWHOKEL-UHFFFAOYSA-N,GW680975X,O75914,PAK3,PAK3,6.25303078549824
O=C(NCC1=CC=CC=C1)C2=CC=C(S(=O)(NCC3=CC=CC=C3)=O)C=C2,QDGVJMITKNOVTP-UHFFFAOYSA-N,TH263,O75914,PAK3,PAK3,6.700581136566996
s1c(nc3c1-c2n(nc(c2CC3)-c4cnccc4)-c5ccc(cc5)C6(CC6)N(C)C)NC(=O)OC,GGDDUQGGATVHON-UHFFFAOYSA-N,BI00822448,Q9NQU5,PAK6,PAK6,6.384967777029909
CC(C)c1ccc2\C(=N/Nc3ccc(cc3)S(N)(=O)=O)C(=O)Nc2c1,KBESLZOGXNTNCJ-UHFFFAOYSA-N,GW300653X,P16234,PDGFRA,PDGFRA,6.353196657234164
N(c1ncc(o1)-c1ccccc1)c1ccccc1,HFICAVMUTYFODG-UHFFFAOYSA-N,GW549390X,P16234,PDGFRA,PDGFRA,6.209943851603558
NS(=O)(=O)c1ccc(Nc2cc(n[nH]2)-c2cccc(O)c2)cc1,PVLOKYREDKFWTF-UHFFFAOYSA-N,GW831090X,P16234,PDGFRA,PDGFRA,6.4478300219125675
N#Cc1cccc(Nc2ncc(o2)-c2ccccc2)c1,VZMXZHOJAGFSNF-UHFFFAOYSA-N,GW627834A,P16234,PDGFRA,PDGFRA,6.5176228162009995
Clc1c(cccc1)-n2nc(c4c2-c3sc(nc3CC4)NC(=O)NCc5[nH]ccn5)-c6cnccc6,JXKHIJZYDXHNSW-UHFFFAOYSA-N,BI00048423,P09619,PDGFRB,PDGFRB,6.700703520536467
FC(F)(F)c1c(ccc(c1)NC(=O)c2cc(c(cc2)C)-c3noc(n3)-c4cnccc4)Cl,LQZIUMJCFXSPTG-UHFFFAOYSA-N,BI00831861,P09619,PDGFRB,PDGFRB,6.206487652360391
N(c1ncc(o1)-c1ccccc1)c1ccccc1,HFICAVMUTYFODG-UHFFFAOYSA-N,GW549390X,P09619,PDGFRB,PDGFRB,6.0069407201571785
COc1ccc(cc1)-c1coc2ncnc(N)c12,QGHMHWPBFHABJY-UHFFFAOYSA-N,GW642125X,P09619,PDGFRB,PDGFRB,6.365767172247586
NS(=O)(=O)c1ccc(Nc2cc(n[nH]2)-c2cccc(O)c2)cc1,PVLOKYREDKFWTF-UHFFFAOYSA-N,GW831090X,P09619,PDGFRB,PDGFRB,6.186733921962855
N#Cc1cccc(Nc2ncc(o2)-c2ccccc2)c1,VZMXZHOJAGFSNF-UHFFFAOYSA-N,GW627834A,P09619,PDGFRB,PDGFRB,6.408258925086412
N(c1ncc(o1)-c1ccccc1)c1ccc(Oc2ccccc2)cc1,MKASXHWBPFPYNF-UHFFFAOYSA-N,GW641155A,P09619,PDGFRB,PDGFRB,6.040751629687538
CC(C)c1ccc2\C(=N/Nc3ccc(cc3)S(N)(=O)=O)C(=O)Nc2c1,KBESLZOGXNTNCJ-UHFFFAOYSA-N,GW300653X,P15735,PHKG2,PHKG2,6.1100383451898885
O=C(C1CC1)NC2=NNC3=C2C=CC(C4=CC=CC(NS(N(C)CC)(=O)=O)=C4)=C3,NKCMEGZSWOVKIL-UHFFFAOYSA-N,UNC-AA-1-0017,P15735,PHKG2,PHKG2,6.282605376236351
Clc1c(cccc1)-n2nc(c4c2-c3sc(nc3CC4)NC(=O)NCc5[nH]ccn5)-c6cnccc6,JXKHIJZYDXHNSW-UHFFFAOYSA-N,BI00048423,Q9UBF8,PI4KB,PIK4CB,6.423452814548893
s1c(nc3c1-c2n(nc(c2CC3)-c4cnccc4)-c5ccc(cc5)C6(CC6)N(C)C)NC(=O)OC,GGDDUQGGATVHON-UHFFFAOYSA-N,BI00822448,Q9UBF8,PI4KB,PIK4CB,6.328155049053351
s1c(nc3c1-c2n(nc(c2C(C3)C)-c4cnc(cc4)NCC)-c5c(cccc5)C)NC(=O)OC,FQXPXUGHKSKDIL-UHFFFAOYSA-N,BI00857480,Q9UBF8,PI4KB,PIK4CB,6.060987915805909
CC(C)OC(N(CC1)CCN1C2=NC3=C(C4=CN=C(C(F)(F)F)C=C4)C=NN3C=C2)=O,NDDGTHBFQLPYJL-UHFFFAOYSA-N,NK-92,Q9UBF8,PI4KB,PIK4CB,6.658727509992387
Clc1c(cc(cc1)C#CC2(CCN(CC2)C)OC)-c3nc-4c(cn3)CCc5nc(sc5-4)NC(=O)C,SKJMTJUJMPIXBJ-UHFFFAOYSA-N,BI00047875,O00750,PIK3C2B,PIK3C2B,6.708790250729548
Clc1c(cccc1)-n2nc(c4c2-c3sc(nc3CC4)NC(=O)NCc5[nH]ccn5)-c6cnccc6,JXKHIJZYDXHNSW-UHFFFAOYSA-N,BI00048423,O00750,PIK3C2B,PIK3C2B,6.496613724267806
s1c(nc3c1-c2n(nc(c2CC3)-c4cnccc4)-c5ccc(cc5)C6(CC6)N(C)C)NC(=O)OC,GGDDUQGGATVHON-UHFFFAOYSA-N,BI00822448,O00750,PIK3C2B,PIK3C2B,6.049261863735143
NS(=O)(=O)c1cccc(c1)-c1cc2ccncc2cc1OCc1ccccc1,WFQYBHCSVMMJEF-UHFFFAOYSA-N,GSK980961A,O00750,PIK3C2B,PIK3C2B,6.190595166743931
Clc1c(cc(cc1)C#CC2(CCN(CC2)C)OC)-c3nc-4c(cn3)CCc5nc(sc5-4)NC(=O)C,SKJMTJUJMPIXBJ-UHFFFAOYSA-N,BI00047875,O75747,PIK3C2G,PIK3C2G,6.854602464062592
Clc1c(cccc1)-n2nc(c4c2-c3sc(nc3CC4)NC(=O)NCc5[nH]ccn5)-c6cnccc6,JXKHIJZYDXHNSW-UHFFFAOYSA-N,BI00048423,O75747,PIK3C2G,PIK3C2G,6.384230924428353
s1c(nc3c1-c2n(nc(c2CC3)-c4cnccc4)-c5ccc(cc5)C6(CC6)N(C)C)NC(=O)OC,GGDDUQGGATVHON-UHFFFAOYSA-N,BI00822448,O75747,PIK3C2G,PIK3C2G,6.15367356743357
s1c(nc3c1-c2n(nc(c2C(C3)C)-c4cnc(cc4)NCC)-c5c(cccc5)C)NC(=O)OC,FQXPXUGHKSKDIL-UHFFFAOYSA-N,BI00857480,O75747,PIK3C2G,PIK3C2G,6.061111339919207
CC(N1CCN(C2=NC=NC(CC)=C2C#CC3=CC=C(N)N=C3)CC1)=O,GKROGJIGFRYBLZ-UHFFFAOYSA-N,BI00862142,O75747,PIK3C2G,PIK3C2G,6.4754245015630145
O=C(N(C)C)/C(C#N)=C/C(O1)=CC=C1C2=NC3=CN=C(NC=C4)C4=C3N2C5CCCCC5,GJMZWYLOARVASY-NTCAYCPXSA-N,FM-381,O75747,PIK3C2G,PIK3C2G,7.184972413148884
Clc1c(cccc1)-n2nc(c4c2-c3sc(nc3CC4)NC(=O)NCc5[nH]ccn5)-c6cnccc6,JXKHIJZYDXHNSW-UHFFFAOYSA-N,BI00048423,Q8NEB9,PIK3C3,VPS34,6.094119001339865
CC(N1CCN(C2=NC=NC(CC)=C2C#CC3=CC=C(N)N=C3)CC1)=O,GKROGJIGFRYBLZ-UHFFFAOYSA-N,BI00862142,Q8NEB9,PIK3C3,VPS34,6.408336887316127
Clc1c(cc(cc1)C#CC2(CCN(CC2)C)OC)-c3nc-4c(cn3)CCc5nc(sc5-4)NC(=O)C,SKJMTJUJMPIXBJ-UHFFFAOYSA-N,BI00047875,P42336,PIK3CA,PIK3CA,6.501427047347266
Clc1c(cccc1)-n2nc(c4c2-c3sc(nc3CC4)NC(=O)NCc5[nH]ccn5)-c6cnccc6,JXKHIJZYDXHNSW-UHFFFAOYSA-N,BI00048423,P42336,PIK3CA,PIK3CA,6.433102762703837
s1c(nc3c1-c2n(nc(c2CC3)-c4cnccc4)-c5ccc(cc5)C6(CC6)N(C)C)NC(=O)OC,GGDDUQGGATVHON-UHFFFAOYSA-N,BI00822448,P42336,PIK3CA,PIK3CA,6.2560424976096165
s1c(nc3c1-c2n(nc(c2C(C3)C)-c4cnc(cc4)NCC)-c5c(cccc5)C)NC(=O)OC,FQXPXUGHKSKDIL-UHFFFAOYSA-N,BI00857480,P42336,PIK3CA,PIK3CA,6.029576759021354
NS(=O)(=O)c1cccc(c1)-c1cc2ccncc2cc1OCc1ccccc1,WFQYBHCSVMMJEF-UHFFFAOYSA-N,GSK980961A,P42336,PIK3CA,PIK3CA,6.1018944684075835
C[C@H]1COCCN1C2=NC(=NC3=C2C=CC(=N3)C4=CC(=CC=C4)C(=O)NC)N5CCOC[C@@H]5C,JUSFANSTBFGBAF-IRXDYDNUSA-N,AZD2014,P42336,PIK3CA,PIK3CA,6.4432012070704
CC(N1CCN(C2=NC=NC(CC)=C2C#CC3=CC=C(N)N=C3)CC1)=O,GKROGJIGFRYBLZ-UHFFFAOYSA-N,BI00862142,P42336,PIK3CA,PIK3CA,6.124880427529335
Clc1c(cc(cc1)C#CC2(CCN(CC2)C)OC)-c3nc-4c(cn3)CCc5nc(sc5-4)NC(=O)C,SKJMTJUJMPIXBJ-UHFFFAOYSA-N,BI00047875,P42338,PIK3CB,PIK3CB,6.399014923506424
Clc1c(cccc1)-n2nc(c4c2-c3sc(nc3CC4)NC(=O)NCc5[nH]ccn5)-c6cnccc6,JXKHIJZYDXHNSW-UHFFFAOYSA-N,BI00048423,P42338,PIK3CB,PIK3CB,6.247286627373622
s1c(nc3c1-c2n(nc(c2CC3)-c4cnccc4)-c5ccc(cc5)C6(CC6)N(C)C)NC(=O)OC,GGDDUQGGATVHON-UHFFFAOYSA-N,BI00822448,P42338,PIK3CB,PIK3CB,6.427086930430491
CC(N1CCN(C2=NC=NC(CC)=C2C#CC3=CC=C(N)N=C3)CC1)=O,GKROGJIGFRYBLZ-UHFFFAOYSA-N,BI00862142,P42338,PIK3CB,PIK3CB,6.286670673984044
Clc1c(cc(cc1)C#CC2(CCN(CC2)C)OC)-c3nc-4c(cn3)CCc5nc(sc5-4)NC(=O)C,SKJMTJUJMPIXBJ-UHFFFAOYSA-N,BI00047875,O00329,PIK3CD,PIK3CD,6.582219814233271
s1c(nc3c1-c2n(nc(c2CC3)-c4cnccc4)-c5ccc(cc5)C6(CC6)N(C)C)NC(=O)OC,GGDDUQGGATVHON-UHFFFAOYSA-N,BI00822448,O00329,PIK3CD,PIK3CD,6.384599946699947
COc1ccc(cc1)-c1nn2ncccc2c1-c1ccnc(Nc2cccc(c2)C(F)(F)F)n1,BWBYKJFTJZIURF-UHFFFAOYSA-N,GW827105X,O00329,PIK3CD,PIK3CD,6.370703520155417
CNC(=O)c1cncc(\C=C\c2ccccc2Cl)c1,HVTWLTGGYKBXHX-VOTSOKGWSA-N,GW445017X,O00329,PIK3CD,PIK3CD,5.997193702569332
CC(N1CCN(C2=NC=NC(CC)=C2C#CC3=CC=C(N)N=C3)CC1)=O,GKROGJIGFRYBLZ-UHFFFAOYSA-N,BI00862142,O00329,PIK3CD,PIK3CD,6.2767998676726915
Clc1c(cc(cc1)C#CC2(CCN(CC2)C)OC)-c3nc-4c(cn3)CCc5nc(sc5-4)NC(=O)C,SKJMTJUJMPIXBJ-UHFFFAOYSA-N,BI00047875,P48736,PIK3CG,PIK3CG,6.833734907597291
Clc1c(cccc1)-n2nc(c4c2-c3sc(nc3CC4)NC(=O)NCc5[nH]ccn5)-c6cnccc6,JXKHIJZYDXHNSW-UHFFFAOYSA-N,BI00048423,P48736,PIK3CG,PIK3CG,6.355091082194843
s1c(nc3c1-c2n(nc(c2CC3)-c4cnccc4)-c5ccc(cc5)C6(CC6)N(C)C)NC(=O)OC,GGDDUQGGATVHON-UHFFFAOYSA-N,BI00822448,P48736,PIK3CG,PIK3CG,6.151022022600091
s1c(nc3c1-c2n(nc(c2C(C3)C)-c4cnc(cc4)NCC)-c5c(cccc5)C)NC(=O)OC,FQXPXUGHKSKDIL-UHFFFAOYSA-N,BI00857480,P48736,PIK3CG,PIK3CG,6.100782556891901
NS(=O)(=O)c1cccc(c1)-c1cc2ccncc2cc1OCc1ccccc1,WFQYBHCSVMMJEF-UHFFFAOYSA-N,GSK980961A,P48736,PIK3CG,PIK3CG,6.135419813399498
CC(N1CCN(C2=NC=NC(CC)=C2C#CC3=CC=C(N)N=C3)CC1)=O,GKROGJIGFRYBLZ-UHFFFAOYSA-N,BI00862142,P48736,PIK3CG,PIK3CG,6.614990297752355
s1c(nc3c1-c2n(nc(c2CC3)-c4cnccc4)-c5ccc(cc5)C6(CC6)N(C)C)NC(=O)OC,GGDDUQGGATVHON-UHFFFAOYSA-N,BI00822448,Q9Y2I7,PIKFYVE,PIKFYVE,6.152058038826437
s1c(nc3c1-c2n(nc(c2C(C3)C)-c4cnc(cc4)NCC)-c5c(cccc5)C)NC(=O)OC,FQXPXUGHKSKDIL-UHFFFAOYSA-N,BI00857480,Q9Y2I7,PIKFYVE,PIKFYVE,5.97155098573451
s1c(nc3c1-c2n(nc(c2CC3)-c4cnccc4)-c5ccc(cc5)C6(CC6)N(C)C)NC(=O)OC,GGDDUQGGATVHON-UHFFFAOYSA-N,BI00822448,P11309,PIM1,PIM1,6.458416803404928
CN1CCC(CNC(C=C2)=NN3C2=NC=C3C4=CC=CC(OC(F)(F)F)=C4)CC1,MHXGEROHKGDZGO-UHFFFAOYSA-N,SGI-1776,Q9P1W9,PIM2,PIM2,6.4472584103346975
CN1CCC(CNC(C=C2)=NN3C2=NC=C3C4=CC=CC(OC(F)(F)F)=C4)CC1,MHXGEROHKGDZGO-UHFFFAOYSA-N,SGI-1776,Q86V86,PIM3,PIM3,6.629232184515314
O=C(NC=C1)C2=C1C(C(C(C)C)=NO3)=C3C4=C2C=C(C)C=C4,RHCWRLPKOJKBJP-UHFFFAOYSA-N,MO 286/LN 989,P78356,PIP4K2B,PIP5K2B,6.439766058003739
Clc1c(cccc1)-n2nc(c4c2-c3sc(nc3CC4)NC(=O)NCc5[nH]ccn5)-c6cnccc6,JXKHIJZYDXHNSW-UHFFFAOYSA-N,BI00048423,Q8TBX8,PIP4K2C,PIP5K2C,6.1934573056046505
s1c(nc3c1-c2n(nc(c2CC3)-c4cnccc4)-c5ccc(cc5)C6(CC6)N(C)C)NC(=O)OC,GGDDUQGGATVHON-UHFFFAOYSA-N,BI00822448,Q8TBX8,PIP4K2C,PIP5K2C,6.212231948122227
CN1CCC(CC1)n1cnc(c1-c1ccnc(NCCO)n1)-c1ccc(F)cc1,XKOQKLFWCLUSAU-UHFFFAOYSA-N,SB-226879,Q8TBX8,PIP4K2C,PIP5K2C,6.412885849000846
CN1CCC(CC1)n1cnc(c1-c1ccnc(N)n1)-c1ccc(F)cc1,SVRAGOOKTLUHES-UHFFFAOYSA-N,SB-220455,Q8TBX8,PIP4K2C,PIP5K2C,6.445327212162185
CN1CCC(NC(C2=CC(OC)=C(NC3=NC=C(N(C(C(F)(F)CN4C5CCCC5)=O)C)C4=N3)C=C2F)=O)CC1,GWRSATNRNFYMDI-UHFFFAOYSA-N,TAK960,Q8TBX8,PIP4K2C,PIP5K2C,6.332799426083199
CS(=O)(=O)Nc1cccc(c1)-c1ccc2c(NC(=O)C3CC3)n[nH]c2c1,FUQAHBLEGDXXKS-UHFFFAOYSA-N,SB-742864,Q99755,PIP5K1A,PIP5K1A,6.057971120603598
Clc1c(cccc1)-n2nc(c4c2-c3sc(nc3CC4)NC(=O)NCc5[nH]ccn5)-c6cnccc6,JXKHIJZYDXHNSW-UHFFFAOYSA-N,BI00048423,O60331,PIP5K1C,PIP5K1C,6.394715421802442
NS(=O)(=O)c1cccc(c1)-c1ccc2c(NC(=O)C3CC3)n[nH]c2c1,AXXSVTAXFAAJTE-UHFFFAOYSA-N,SB-741905,O60331,PIP5K1C,PIP5K1C,6.482302197676002
CS(=O)(=O)Nc1cccc(c1)-c1ccc2c(NC(=O)C3CC3)n[nH]c2c1,FUQAHBLEGDXXKS-UHFFFAOYSA-N,SB-742864,O60331,PIP5K1C,PIP5K1C,6.3663223254596355
NS(=O)(=O)c1ccc(Nc2cc(n[nH]2)-c2cccc(O)c2)cc1,PVLOKYREDKFWTF-UHFFFAOYSA-N,GW831090X,O60331,PIP5K1C,PIP5K1C,6.198850478621093
N#Cc1cccc(Nc2ncc(o2)-c2ccccc2)c1,VZMXZHOJAGFSNF-UHFFFAOYSA-N,GW627834A,O60331,PIP5K1C,PIP5K1C,6.2774523507867706
O=C(OC)C1=CC=C(C2=C(C(N)=C(C(N)=O)S3)C3=NC(N4CCC(N)CC4)=C2)C=C1,LBVMBECAHIBYAO-UHFFFAOYSA-N,BI00604549,O60331,PIP5K1C,PIP5K1C,6.812940260819969
O=S(NC1=CC(C2=CC=C(C(NC(C3CC3)=O)=NN4)C4=C2)=CC=C1)(N(CC)CC)=O,UCBIQZUJJSVQHL-UHFFFAOYSA-N,UNC-AA-1-0013,O60331,PIP5K1C,PIP5K1C,5.983685083977478
O=C(C1CC1)NC2=NNC3=C2C=CC(C4=CC=CC(NS(N(C)CC)(=O)=O)=C4)=C3,NKCMEGZSWOVKIL-UHFFFAOYSA-N,UNC-AA-1-0017,O60331,PIP5K1C,PIP5K1C,6.348442004240128
O=C(C1CC1)NC2=NNC3=C2C=CC(C4=CC=CC(NS(CC(C)C)(=O)=O)=C4)=C3,SENOTLIGBLGKGP-UHFFFAOYSA-N,UNC-AA-1-0022,O60331,PIP5K1C,PIP5K1C,6.563406734282465
O=S(C2=CC=CC1=CN=CC=C12)(NCCNC/C=C/C3=CC=C(Br)C=C3)=O,ZKZXNDJNWUTGDK-NSCUHMNNSA-N,H89,Q16512,PKN1,PKN1,6.5286263295240605
Fc1ccc(cc1)-c1c(nc2SCCn12)-c1ccncc1,GLHFDXWSDZWRNN-UHFFFAOYSA-N,SKF-86055,P53350,PLK1,PLK1,6.127655631421347
NC(=O)c1sc(cc1OCc1ccccc1Br)-n1cnc2ccccc12,BWZJWBWWGBNPLH-UHFFFAOYSA-N,GSK1023156A,P53350,PLK1,PLK1,6.657799288364727
COc1cc2ncn(-c3cc(OCc4ccccc4C(F)(F)F)c(s3)C(C)=O)c2cc1OC,JFNQBWFEGWHHDQ-UHFFFAOYSA-N,GSK1030059A,P53350,PLK1,PLK1,6.466830357830588
CN1CCC(NC(C2=CC(OC)=C(NC3=NC=C(N(C(C(F)(F)CN4C5CCCC5)=O)C)C4=N3)C=C2F)=O)CC1,GWRSATNRNFYMDI-UHFFFAOYSA-N,TAK960,P53350,PLK1,PLK1,6.512426040288659
NC(=O)c1sc(cc1OCc1ccccc1Br)-n1cnc2ccccc12,BWZJWBWWGBNPLH-UHFFFAOYSA-N,GSK1023156A,Q9NYY3,PLK2,PLK2,6.817121981666058
COc1cc2ncn(-c3cc(OCc4ccccc4C(F)(F)F)c(s3)C(C)=O)c2cc1OC,JFNQBWFEGWHHDQ-UHFFFAOYSA-N,GSK1030059A,Q9NYY3,PLK2,PLK2,6.52002512854507
CN1CCC(NC(C2=CC(OC)=C(NC3=NC=C(N(C(C(F)(F)CN4C5CCCC5)=O)C)C4=N3)C=C2F)=O)CC1,GWRSATNRNFYMDI-UHFFFAOYSA-N,TAK960,Q9NYY3,PLK2,PLK2,6.883994539038905
NC(=O)c1sc(cc1OCc1ccccc1Br)-n1cnc2ccccc12,BWZJWBWWGBNPLH-UHFFFAOYSA-N,GSK1023156A,Q9H4B4,PLK3,PLK3,6.844662111261611
CN1CCC(NC(C2=CC(OC)=C(NC3=NC=C(N(C(C(F)(F)CN4C5CCCC5)=O)C)C4=N3)C=C2F)=O)CC1,GWRSATNRNFYMDI-UHFFFAOYSA-N,TAK960,Q9H4B4,PLK3,PLK3,6.40290323295861
Fc1c(c(ccc1NS(=O)(=O)CCC)F)-n2nnc(c2)-c3cncc(c3)OC,PBZQXUCHRRZRTF-UHFFFAOYSA-N,BI00865461,Q13131,PRKAA1,AMPK-alpha1,6.028293971539184
O=S(C2=CC=CC1=CN=CC=C12)(NCCNC/C=C/C3=CC=C(Br)C=C3)=O,ZKZXNDJNWUTGDK-NSCUHMNNSA-N,H89,P22694,PRKACB,PKAC-beta,6.369995107521858
O=S(C2=CC=CC1=CN=CC=C12)(NCCNC/C=C/C3=CC=C(Br)C=C3)=O,ZKZXNDJNWUTGDK-NSCUHMNNSA-N,H89,Q05655,PRKCD,PRKCD,6.4986554876846
O=S(C2=CC=CC1=CN=CC=C12)(NCCNC/C=C/C3=CC=C(Br)C=C3)=O,ZKZXNDJNWUTGDK-NSCUHMNNSA-N,H89,P24723,PRKCH,PRKCH,6.552774630228301
O=S(NC1=CC(C2=CC=C(C(NC(C3CC3)=O)=NN4)C4=C2)=CC=C1)(N(CC)CC)=O,UCBIQZUJJSVQHL-UHFFFAOYSA-N,UNC-AA-1-0013,P24723,PRKCH,PRKCH,6.428744543686011
O=S(C2=CC=CC1=CN=CC=C12)(NCCNC/C=C/C3=CC=C(Br)C=C3)=O,ZKZXNDJNWUTGDK-NSCUHMNNSA-N,H89,Q13976,PRKG1,PRKG1,6.5065343787172925
O=S(C2=CC=CC1=CN=CC=C12)(NCCNC/C=C/C3=CC=C(Br)C=C3)=O,ZKZXNDJNWUTGDK-NSCUHMNNSA-N,H89,P51817,PRKX,PRKX,6.418902009460342
CC(C)OC(N(CC1)CCN1C2=NC3=C(C4=CN=C(C(F)(F)F)C=C4)C=NN3C=C2)=O,NDDGTHBFQLPYJL-UHFFFAOYSA-N,NK-92,Q13523,PRPF4B,PRP4,6.408827370555796
CN1CCC(NC(C2=CC(OC)=C(NC3=NC=C(N(C(C(F)(F)CN4C5CCCC5)=O)C)C4=N3)C=C2F)=O)CC1,GWRSATNRNFYMDI-UHFFFAOYSA-N,TAK960,Q05397,PTK2,FAK,6.510647492982427
S(=O)(=O)(N1CCC(CC1)Oc3c(cc2ncnc(c2c3)N[C@H](C)c4ccccc4)OC)C,HNCQUOKLTSGCPT-MRXNPFEDSA-N,BI00010951,Q14289,PTK2B,PYK2,6.5357065765236815
Fc1c(c(ccc1NS(=O)(=O)CCC)F)-n2nnc(c2)-c3cncc(c3)OC,PBZQXUCHRRZRTF-UHFFFAOYSA-N,BI00865461,Q13882,PTK6,BRK,6.205215443410236
COc1ccc2ncnc(Nc3ccc(OCc4ccccc4)cc3)c2c1,RARTTYYZTRKYDS-UHFFFAOYSA-N,GI261520A,Q13882,PTK6,BRK,6.451549337858355
Fc1c(c(ccc1NS(=O)(=O)CCC)F)-n2nnc(c2)-c3cncc(c3)OC,PBZQXUCHRRZRTF-UHFFFAOYSA-N,BI00865461,P04049,RAF1,RAF1,6.036244817362771
C[C@H]1COCCN1C2=NC(=NC3=C2C=CC(=N3)C4=CC(=CC=C4)C(=O)NC)N5CCOC[C@@H]5C,JUSFANSTBFGBAF-IRXDYDNUSA-N,AZD2014,P04049,RAF1,RAF1,6.422645790347671
Clc1c(cc(cc1)C#CC2(CCN(CC2)C)OC)-c3nc-4c(cn3)CCc5nc(sc5-4)NC(=O)C,SKJMTJUJMPIXBJ-UHFFFAOYSA-N,BI00047875,Q9BRS2,RIOK1,RIOK1,6.695425466103886
CS(=O)(=O)Nc1cccc(c1)-c1ccc2c(NC(=O)C3CC3)n[nH]c2c1,FUQAHBLEGDXXKS-UHFFFAOYSA-N,SB-742864,Q9BRS2,RIOK1,RIOK1,6.49345424715686
CC(C)OC(N(CC1)CCN1C2=NC3=C(C4=CN=C(C(F)(F)F)C=C4)C=NN3C=C2)=O,NDDGTHBFQLPYJL-UHFFFAOYSA-N,NK-92,Q9BRS2,RIOK1,RIOK1,6.223975439074225
O=S(NC1=CC(C2=CC=C(C(NC(C3CC3)=O)=NN4)C4=C2)=CC=C1)(N(CC)CC)=O,UCBIQZUJJSVQHL-UHFFFAOYSA-N,UNC-AA-1-0013,Q9BRS2,RIOK1,RIOK1,6.37162025241436
O=C(C1CC1)NC2=NNC3=C2C=CC(C4=CC=CC(NS(N(C)CC)(=O)=O)=C4)=C3,NKCMEGZSWOVKIL-UHFFFAOYSA-N,UNC-AA-1-0017,Q9BRS2,RIOK1,RIOK1,6.181292583318789
O=C(NC=C1)C2=C1C(C(C(C)C)=NO3)=C3C4=C2C=C(C)C=C4,RHCWRLPKOJKBJP-UHFFFAOYSA-N,MO 286/LN 989,Q9BRS2,RIOK1,RIOK1,6.432725973417321
s1c(nc3c1-c2n(nc(c2C(C3)C)-c4cnc(cc4)NCC)-c5c(cccc5)C)NC(=O)OC,FQXPXUGHKSKDIL-UHFFFAOYSA-N,BI00857480,Q9BVS4,RIOK2,RIOK2,5.91202644505471
NC(=O)c1sc(cc1OCc1ccccc1Br)-n1cnc2ccccc12,BWZJWBWWGBNPLH-UHFFFAOYSA-N,GSK1023156A,Q9BVS4,RIOK2,RIOK2,6.314142590782992
Clc1ccc(CNc2nccc(n2)-c2cnn3ncccc23)cc1,NEWXQDRWGLAOAY-UHFFFAOYSA-N,GW781673X,Q9BVS4,RIOK2,RIOK2,6.175860860932719
CC(N1CCN(C2=NC=NC(CC)=C2C#CC3=CC=C(N)N=C3)CC1)=O,GKROGJIGFRYBLZ-UHFFFAOYSA-N,BI00862142,Q9BVS4,RIOK2,RIOK2,6.250428646196223
CS(=O)(=O)Nc1cccc(c1)-c1ccc2c(NC(=O)C3CC3)n[nH]c2c1,FUQAHBLEGDXXKS-UHFFFAOYSA-N,SB-742864,O14730,RIOK3,RIOK3,6.449830999145844
CC(C)OC(N(CC1)CCN1C2=NC3=C(C4=CN=C(C(F)(F)F)C=C4)C=NN3C=C2)=O,NDDGTHBFQLPYJL-UHFFFAOYSA-N,NK-92,O14730,RIOK3,RIOK3,6.502042105414562
ClC1=CC(NC2=NC=CC(NCCCN3CCOCC3)=N2)=CC=C1,XEEXZIORUKKBII-UHFFFAOYSA-N,DI00625271,O14730,RIOK3,RIOK3,6.654585714423304
O=S(NC1=CC(C2=CC=C(C(NC(C3CC3)=O)=NN4)C4=C2)=CC=C1)(N(CC)CC)=O,UCBIQZUJJSVQHL-UHFFFAOYSA-N,UNC-AA-1-0013,O14730,RIOK3,RIOK3,5.974879627072074
O=C(C1CC1)NC2=NNC3=C2C=CC(C4=CC=CC(NS(N(C)CC)(=O)=O)=C4)=C3,NKCMEGZSWOVKIL-UHFFFAOYSA-N,UNC-AA-1-0017,O14730,RIOK3,RIOK3,6.277188758222195
O=C(NC=C1)C2=C1C(C(C(C)C)=NO3)=C3C4=C2C=C(C)C=C4,RHCWRLPKOJKBJP-UHFFFAOYSA-N,MO 286/LN 989,O14730,RIOK3,RIOK3,6.489148674107026
s1c(nc3c1-c2n(nc(c2C(C3)C)-c4cnc(cc4)NCC)-c5c(cccc5)C)NC(=O)OC,FQXPXUGHKSKDIL-UHFFFAOYSA-N,BI00857480,O43353,RIPK2,RIPK2,5.979657097261823
O=S(NC1=CC(C2=CC=C(C(NC(C3CC3)=O)=NN4)C4=C2)=CC=C1)(N(CC)CC)=O,UCBIQZUJJSVQHL-UHFFFAOYSA-N,UNC-AA-1-0013,O43353,RIPK2,RIPK2,6.078398540438233
Clc1c(cccc1)-n2nc(c4c2-c3sc(nc3CC4)NC(=O)NCc5[nH]ccn5)-c6cnccc6,JXKHIJZYDXHNSW-UHFFFAOYSA-N,BI00048423,P57078,RIPK4,RIPK4,6.40648537187373
O=C(NCC1CC1)c1ccc(cc1)-c1cccc(c1)C(=O)NC1CC1,GTPHSWNKNONVOX-UHFFFAOYSA-N,GW806776X,Q13464,ROCK1,ROCK1,6.493113722905205
CN(C)CCCn1c(nc2cnccc12)-c1nonc1N,KFWBJWDHALYVMK-UHFFFAOYSA-N,SB-751399,Q13464,ROCK1,ROCK1,6.246995216498529
O=S(C2=CC=CC1=CN=CC=C12)(NCCNC/C=C/C3=CC=C(Br)C=C3)=O,ZKZXNDJNWUTGDK-NSCUHMNNSA-N,H89,Q13464,ROCK1,ROCK1,6.076711261294026
O=C(NCC1CC1)c1ccc(cc1)-c1cccc(c1)C(=O)NC1CC1,GTPHSWNKNONVOX-UHFFFAOYSA-N,GW806776X,O75116,ROCK2,ROCK2,6.505221410165108
CN(C)CCCn1c(nc2cnccc12)-c1nonc1N,KFWBJWDHALYVMK-UHFFFAOYSA-N,SB-751399,O75116,ROCK2,ROCK2,6.4411909333097
Clc1c(cc(cc1)C#CC2(CCN(CC2)C)OC)-c3nc-4c(cn3)CCc5nc(sc5-4)NC(=O)C,SKJMTJUJMPIXBJ-UHFFFAOYSA-N,BI00047875,Q15418,RPS6KA1,RSK1(Kin.Dom.1-N-terminal),6.454110672882022
C[C@H]1COCCN1C2=NC(=NC3=C2C=CC(=N3)C4=CC(=CC=C4)C(=O)NC)N5CCOC[C@@H]5C,JUSFANSTBFGBAF-IRXDYDNUSA-N,AZD2014,Q15418,RPS6KA1,RSK1(Kin.Dom.1-N-terminal),6.995370645093216
O=S(NC1=CC(C2=CC=C(C(NC(C3CC3)=O)=NN4)C4=C2)=CC=C1)(N(CC)CC)=O,UCBIQZUJJSVQHL-UHFFFAOYSA-N,UNC-AA-1-0013,O75582,RPS6KA5,RPS6KA5(Kin.Dom.1-N-terminal),6.621926792852503
s1c(nc3c1-c2n(nc(c2CC3)-c4cnccc4)-c5ccc(cc5)C6(CC6)N(C)C)NC(=O)OC,GGDDUQGGATVHON-UHFFFAOYSA-N,BI00822448,Q9UK32,RPS6KA6,RSK4(Kin.Dom.2-C-terminal),6.037138937097669
NC(=O)c1sc(cc1OCc1ccccc1Br)-n1cnc2ccccc12,BWZJWBWWGBNPLH-UHFFFAOYSA-N,GSK1023156A,Q9UK32,RPS6KA6,RSK4(Kin.Dom.2-C-terminal),6.803380026567353
CN1CCC(CC1)n1cnc(c1-c1ccnc(N)n1)-c1ccc(F)cc1,SVRAGOOKTLUHES-UHFFFAOYSA-N,SB-220455,Q9UK32,RPS6KA6,RSK4(Kin.Dom.2-C-terminal),6.188399834244837
Nc1nccc(n1)-c1c(nn2cc(ccc12)C(F)(F)F)-c1ccc(F)cc1,JQUJTXXKVLSAEV-UHFFFAOYSA-N,GW568326X,Q9UK32,RPS6KA6,RSK4(Kin.Dom.2-C-terminal),6.301845013128158
ClC1=CC=C(F)C(C2=NC(N=CC=N3)=C3C(NC4=CC=NC=C4)=N2)=C1,BERLXWPRSBJFHO-UHFFFAOYSA-N,SD-208,Q9UK32,RPS6KA6,RSK4(Kin.Dom.2-C-terminal),6.1731416104255334
COc1cc2ncn(-c3cc(OCc4ccccc4C(F)(F)F)c(s3)C(=O)N(C)C)c2cc1OC,CKYDKNBLVBVPCS-UHFFFAOYSA-N,GSK1030062A,P0C264,SGK110,SgK110,6.327362610778835
CC(C)OC(N(CC1)CCN1C2=NC3=C(C4=CN=C(C(F)(F)F)C=C4)C=NN3C=C2)=O,NDDGTHBFQLPYJL-UHFFFAOYSA-N,NK-92,Q96BR1,SGK3,SGK3,6.366878288086097
O=S(C2=CC=CC1=CN=CC=C12)(NCCNC/C=C/C3=CC=C(Br)C=C3)=O,ZKZXNDJNWUTGDK-NSCUHMNNSA-N,H89,Q96BR1,SGK3,SGK3,6.117307724336384
O=C(N(CC1=CC=CC=C1)CCCC)C2=CC=C(S(=O)(NC3=CC=CC=C3)=O)C=C2,VNCIWNGCMAKKEO-UHFFFAOYSA-N,TH257,Q9H2G2,SLK,SLK,6.223778788565753
Fc1cccc(COc2ccc(Nc3ncnc4sc(cc34)-c3cccs3)cc2Cl)c1,PBIJKZCHYCDPPC-UHFFFAOYSA-N,GW684626B,Q9NRH2,SNRK,SNRK,6.128144052358653
Fc1c(c(ccc1NS(=O)(=O)CCC)F)-n2nnc(c2)-c3cncc(c3)OC,PBZQXUCHRRZRTF-UHFFFAOYSA-N,BI00865461,Q9H3Y6,SRMS,SRMS,6.118822821066619
CC(C)OC(N(CC1)CCN1C2=NC3=C(C4=CN=C(C(F)(F)F)C=C4)C=NN3C=C2)=O,NDDGTHBFQLPYJL-UHFFFAOYSA-N,NK-92,Q96SB4,SRPK1,SRPK1,6.2473668354958996
CC(C)OC(N(CC1)CCN1C2=NC3=C(C4=CN=C(C(F)(F)F)C=C4)C=NN3C=C2)=O,NDDGTHBFQLPYJL-UHFFFAOYSA-N,NK-92,P78362,SRPK2,SRPK2,6.64359769482397
COc1ccc(cc1C(N)=O)-c1ccncc1,QEYUQXQAUUYZDC-UHFFFAOYSA-N,GSK605714A,Q9UPE1,SRPK3,SRPK3,6.254818531474486
COc1cc2ncn(-c3cc(OCc4ccccc4C(F)(F)F)c(s3)C(=O)N(C)C)c2cc1OC,CKYDKNBLVBVPCS-UHFFFAOYSA-N,GSK1030062A,Q9UPE1,SRPK3,SRPK3,6.198949498001444
O=S(NC1=CC(C2=CC=C(C(NC(C3CC3)=O)=NN4)C4=C2)=CC=C1)(N(CC)CC)=O,UCBIQZUJJSVQHL-UHFFFAOYSA-N,UNC-AA-1-0013,Q9UPE1,SRPK3,SRPK3,6.140246493756737
O=C(C1CC1)NC2=NNC3=C2C=CC(C4=CC=CC(NS(N(C)CC)(=O)=O)=C4)=C3,NKCMEGZSWOVKIL-UHFFFAOYSA-N,UNC-AA-1-0017,Q9UPE1,SRPK3,SRPK3,6.189229954263199
O=C(C1CC1)NC2=NNC3=C2C=CC(C4=CC=CC(NS(CC(C)C)(=O)=O)=C4)=C3,SENOTLIGBLGKGP-UHFFFAOYSA-N,UNC-AA-1-0022,Q9UPE1,SRPK3,SRPK3,6.010495344252165
Fc1c(c(ccc1NS(=O)(=O)CCC)F)-n2nnc(c2)-c3cncc(c3)OC,PBZQXUCHRRZRTF-UHFFFAOYSA-N,BI00865461,O94804,STK10,LOK,6.384137779893863
NC(=O)c1sc(cc1OCc1ccccc1Br)-n1cnc2ccccc12,BWZJWBWWGBNPLH-UHFFFAOYSA-N,GSK1023156A,O94804,STK10,LOK,6.745257596367256
COC(=O)Nc1nc2ccc(cc2[nH]1)S(=O)(=O)c1ccc(NC(=O)Nc2cc(ccc2F)C(F)(F)F)cc1,RJOBEDHRAOYOQX-UHFFFAOYSA-N,GW680908A,O94804,STK10,LOK,6.34914316546373
ClC1=CC=C(F)C(C2=NC(N=CC=N3)=C3C(NC4=CC=NC=C4)=N2)=C1,BERLXWPRSBJFHO-UHFFFAOYSA-N,SD-208,O94804,STK10,LOK,6.113254222073593
Clc1c(cccc1)-n2nc(c4c2-c3sc(nc3CC4)NC(=O)NCc5[nH]ccn5)-c6cnccc6,JXKHIJZYDXHNSW-UHFFFAOYSA-N,BI00048423,O75716,STK16,STK16,6.198927081555777
CNC(=O)c1cncc(\C=C\c2ccccc2Cl)c1,HVTWLTGGYKBXHX-VOTSOKGWSA-N,GW445017X,Q13188,STK3,MST2,6.109916673428163
N(c1ncc(o1)-c1ccccc1)c1ccc(Oc2ccccc2)cc1,MKASXHWBPFPYNF-UHFFFAOYSA-N,GW641155A,Q13188,STK3,MST2,6.114308670245453
Fc1cccc(COc2ccc(Nc3ncnc4sc(cc34)-c3cccs3)cc2Cl)c1,PBIJKZCHYCDPPC-UHFFFAOYSA-N,GW684626B,Q8WU08,STK32A,YANK1,6.604579031520402
COc1ccc2ncnc(Nc3ccc(OCc4ccccc4)cc3)c2c1,RARTTYYZTRKYDS-UHFFFAOYSA-N,GI261520A,Q86UX6,STK32C,YANK3,6.584844479864475
O=C(NCC1=CC=CC=C1)C2=CC=C(S(=O)(NCC3=CC=CC=C3)=O)C=C2,QDGVJMITKNOVTP-UHFFFAOYSA-N,TH263,Q86UX6,STK32C,YANK3,6.161360095659673
COC(=O)Nc1nc2ccc(cc2[nH]1)S(=O)(=O)c1ccc(NC(=O)Nc2cc(ccc2F)C(F)(F)F)cc1,RJOBEDHRAOYOQX-UHFFFAOYSA-N,GW680908A,Q9BYT3,STK33,STK33,6.141382361843796
CN1CCC(NC(C2=CC(OC)=C(NC3=NC=C(N(C(C(F)(F)CN4C5CCCC5)=O)C)C4=N3)C=C2F)=O)CC1,GWRSATNRNFYMDI-UHFFFAOYSA-N,TAK960,Q9BYT3,STK33,STK33,6.442984978019707
COc1ccc(cc1)-c1nn2ncccc2c1-c1ccnc(Nc2cccc(c2)C(F)(F)F)n1,BWBYKJFTJZIURF-UHFFFAOYSA-N,GW827105X,Q9NRP7,STK36,STK36,6.27160300232433
Fc1ccc(cc1)-c1ncn(CCCN2CCOCC2)c1-c1ccncc1,ANWALZPQHPAZFO-UHFFFAOYSA-N,SB-210313,Q15208,STK38,NDR1,7.013697287444264
O[C@H]([C@H](O)[C@@H](CO)O3)[C@@H]3N1C2=C(C(N)=NC=N2)C(I)=C1,WHSIXKUPQCKWBY-IOSLPCCCSA-N,5-iodotubercidin,Q15208,STK38,NDR1,6.939681781569912
O[C@H]([C@H](O)[C@@H](CO)O3)[C@@H]3N1C2=C(C(N)=NC=N2)C(I)=C1,WHSIXKUPQCKWBY-IOSLPCCCSA-N,5-iodotubercidin,Q9Y2H1,STK38L,NDR2,6.891560609477041
Fc1ccc(cc1)-c1cc(ccn1)-c1c[nH]nc1-c1ccccn1,HZJPBOLTWHOKEL-UHFFFAOYSA-N,GW680975X,Q13043,STK4,MST1,6.071573611543115
O=C(NCC1=CC=CC=C1)C2=CC=C(S(=O)(NCC3=CC=CC=C3)=O)C=C2,QDGVJMITKNOVTP-UHFFFAOYSA-N,TH263,Q13043,STK4,MST1,5.929442245292777
O=C(N(CC1=CC=CC=C1)CCCC)C2=CC=C(S(=O)(NC3=CC=CC=C3)=O)C=C2,VNCIWNGCMAKKEO-UHFFFAOYSA-N,TH257,P43405,SYK,SYK,6.369900304769117
NS(=O)(=O)c1cccc(c1)-c1ccc2c(NC(=O)C3CC3)n[nH]c2c1,AXXSVTAXFAAJTE-UHFFFAOYSA-N,SB-741905,Q7L7X3,TAOK1,TAOK1,6.361347689391179
C[C@H]1COCCN1C2=NC(=NC3=C2C=CC(=N3)C4=CC(=CC=C4)C(=O)NC)N5CCOC[C@@H]5C,JUSFANSTBFGBAF-IRXDYDNUSA-N,AZD2014,P36897,TGFBR1,TGFBR1,6.623983405482423
ClC1=CC=C(F)C(C2=NC(N=CC=N3)=C3C(NC4=CC=NC=C4)=N2)=C1,BERLXWPRSBJFHO-UHFFFAOYSA-N,SD-208,P36897,TGFBR1,TGFBR1,6.240345759864353
Clc1c(cccc1)-n2nc(c4c2-c3sc(nc3CC4)NC(=O)NCc5[nH]ccn5)-c6cnccc6,JXKHIJZYDXHNSW-UHFFFAOYSA-N,BI00048423,P37173,TGFBR2,TGFBR2,6.360776272459166
Clc1ccc(CNc2nccc(n2)-c2cnn3ncccc23)cc1,NEWXQDRWGLAOAY-UHFFFAOYSA-N,GW781673X,P37173,TGFBR2,TGFBR2,6.550349584762711
s1c(nc3c1-c2n(nc(c2C(C3)C)-c4cnc(cc4)NCC)-c5c(cccc5)C)NC(=O)OC,FQXPXUGHKSKDIL-UHFFFAOYSA-N,BI00857480,Q59H18,TNNI3K,TNNI3K,5.938607201947291
O=S(NC1=CC(C2=CC=C(C(NC(C3CC3)=O)=NN4)C4=C2)=CC=C1)(N(CC)CC)=O,UCBIQZUJJSVQHL-UHFFFAOYSA-N,UNC-AA-1-0013,Q59H18,TNNI3K,TNNI3K,6.116109267463823
COc1c(cc(cc1-c1ccc(cc1)S(N)(=O)=O)-c1ccc(Cl)cc1)C(N)=O,PGMGCWOOCLJXIF-UHFFFAOYSA-N,GSK711701A,Q9BXA7,TSSK1B,TSSK1B,5.819020438920314
NC(=O)c1cc(cc(c1N)-c1ccncc1)-c1ccc(F)cc1,INRJBVLMKPWSHK-UHFFFAOYSA-N,GSK620503A,Q9BXA7,TSSK1B,TSSK1B,5.67532577338326
Cc1cc(cc(C)c1\C=C\c1cncc(c1)-c1nn[nH]n1)-c1ccccn1,LBJHHPBGZCPQIO-VOTSOKGWSA-N,GW459057A,Q9BXA7,TSSK1B,TSSK1B,5.79737048190246
O=C(NCC1=CC=CC=C1)C2=CC=C(S(=O)(NCC3=CC=CC=C3)=O)C=C2,QDGVJMITKNOVTP-UHFFFAOYSA-N,TH263,Q9BXA7,TSSK1B,TSSK1B,5.813854997546015
s1c(nc3c1-c2n(nc(c2C(C3)C)-c4cnc(cc4)NCC)-c5c(cccc5)C)NC(=O)OC,FQXPXUGHKSKDIL-UHFFFAOYSA-N,BI00857480,Q96PN8,TSSK3,TSSK3,5.777343222269721
CN1CCC(NC(C2=CC(OC)=C(NC3=NC=C(N(C(C(F)(F)CN4C5CCCC5)=O)C)C4=N3)C=C2F)=O)CC1,GWRSATNRNFYMDI-UHFFFAOYSA-N,TAK960,P33981,TTK,TTK,6.481461533913705
Clc1c(cc(cc1)C#CC2(CCN(CC2)C)OC)-c3nc-4c(cn3)CCc5nc(sc5-4)NC(=O)C,SKJMTJUJMPIXBJ-UHFFFAOYSA-N,BI00047875,P29597,TYK2,TYK2(JH2domain-pseudokinase),6.715433631652061
NS(=O)(=O)c1cccc(c1)-c1ccc2c(NC(=O)C3CC3)n[nH]c2c1,AXXSVTAXFAAJTE-UHFFFAOYSA-N,SB-741905,Q06418,TYRO3,TYRO3,6.460775193645501
COc1c(cc(cc1-c1ccc(cc1)S(N)(=O)=O)-c1ccc(Cl)cc1)C(N)=O,PGMGCWOOCLJXIF-UHFFFAOYSA-N,GSK711701A,Q86Y07,VRK2,VRK2,6.459582730863389
S(=O)(=O)(N1CCC(CC1)Oc3c(cc2ncnc(c2c3)N[C@H](C)c4ccccc4)OC)C,HNCQUOKLTSGCPT-MRXNPFEDSA-N,BI00010951,P0C1S8,WEE2,WEE2,6.510435583892904
Fc1c(c(ccc1NS(=O)(=O)CCC)F)-n2nnc(c2)-c3cncc(c3)OC,PBZQXUCHRRZRTF-UHFFFAOYSA-N,BI00865461,Q9NYL2,ZAK,ZAK,6.160517945223846
